objecttype,broadperio,fromdate,todate,old_findID
END SCRAPER,NEOLITHIC,-3500,-800,WILT-7FC4B2
END SCRAPER,NEOLITHIC,-2500,-2100,WILT-7FA0D7
END SCRAPER,NEOLITHIC,-2500,-2100,WILT-7F7A04
AWL,BRONZE AGE,-2150,-800,WILT-77CB78
ARMLET,UNKNOWN,-1200,410,WILT-BB14B5
SOCKETED AXEHEAD,BRONZE AGE,-1150,-800,WILT-CB58F4
AWL,BRONZE AGE,-1000,-800,WILT-ACE36E
WHETSTONE,POST MEDIEVAL,-800,-800,WILT-DBACE4
COIN,IRON AGE,-800,42,WILT-272C40
COIN,IRON AGE,-800,42,WILT-270183
COIN,IRON AGE,-800,42,WILT-271831
COIN,IRON AGE,-800,42,WILT-26DD82
PIN,IRON AGE,-800,42,WILT-6764E0
BROOCH,IRON AGE,-800,42,WILT-B8D6D4
UNIDENTIFIED OBJECT,IRON AGE,-800,42,PUBLIC-4DBF0D
BEAD,IRON AGE,-800,42,PUBLIC-FBA25B
FERRULE,IRON AGE,-700,1500,WILT-7A9021
RING,UNKNOWN,-600,1800,WILT-3ECFA7
RING,UNKNOWN,-600,1800,WILT-3EAA38
BROOCH,IRON AGE,-400,-200,SOM-7CDC28
HARNESS FITTING,IRON AGE,-200,400,WILT-23C982
BEAD,UNKNOWN,-200,1700,WILT-AF66F2
COIN,IRON AGE,-125,-100,SOM-01F2B6
COIN,IRON AGE,-100,-90,WILT-296946
TOGGLE,IRON AGE,-100,150,WILT-97C9E8
COIN,ROMAN,-79,-79,BM-4A433E
COIN,IRON AGE,-60,-20,BM-F654A1
COIN,IRON AGE,-50,42,BM-F602B7
COIN,IRON AGE,-50,50,SOM-2D7953
COIN,ROMAN,-32,-31,WILT-279C51
MOUNT,UNKNOWN,0,0,WILT-872403
UNIDENTIFIED OBJECT,UNKNOWN,0,0,WILT-3FCAE1
INGOT,UNKNOWN,0,0,WILT-46B44D
UNIDENTIFIED OBJECT,UNKNOWN,0,0,WILT-85FBF6
MOUNT,UNKNOWN,0,0,WILT-86AEBC
BOWL,UNKNOWN,0,0,WILT-BEC795
BROOCH,ROMAN,0,100,WILT-3C26C3
MOUNT,POST MEDIEVAL,0,1700,WILT-A69E27
NAIL,POST MEDIEVAL,0,1900,WILT-A0F757
BROOCH,IRON AGE,1,100,WILT-7BEC32
BROOCH,IRON AGE,1,100,WILT-7BC127
BROOCH,IRON AGE,1,100,WILT-A300F4
BROOCH,IRON AGE,1,100,WILT-A2D442
BROOCH,ROMAN,1,100,WILT-7BA564
BROOCH,ROMAN,1,100,WILT-7B8606
BROOCH,ROMAN,1,100,WILT-7B5E88
BROOCH,ROMAN,1,100,WILT-A3F0D3
BROOCH,ROMAN,1,100,WILT-797576
BROOCH,ROMAN,1,200,WILT-7C00E3
BROOCH,ROMAN,1,200,WILT-A39C24
BROOCH,ROMAN,1,200,WILT-A34EE4
BROOCH,ROMAN,1,200,WILT-B760A1
BROOCH,ROMAN,1,200,WILT-B725D2
SPOON,ROMAN,1,408,WILT-8BDD53
MOUNT,ROMAN,1,408,WILT-7706A6
EAR RING,ROMAN,1,408,WILT-CD1D75
FURNITURE FITTING,ROMAN,1,408,WILT-8C6F43
FURNITURE FITTING,ROMAN,1,408,WILT-8C1118
SPINDLE WHORL,MEDIEVAL,1,1800,WILT-1BD284
WEIGHT,UNKNOWN,1,1800,WILT-1BB575
WEIGHT,UNKNOWN,1,1800,WILT-1B9286
MOUNT,ROMAN,10,400,WILT-0359D1
FINGER RING,ROMAN,10,408,WILT-6636E2
BROOCH,IRON AGE,20,80,WILT-79C141
BROOCH,IRON AGE,20,100,WILT-BF1E41
UNIDENTIFIED OBJECT,IRON AGE,20,1500,WILT-933428
BROOCH,IRON AGE,25,60,WILT-E98F62
BROOCH,IRON AGE,25,70,WILT-7A4993
BROOCH,ROMAN,25,80,WILT-3B08D9
BROOCH,IRON AGE,25,150,WILT-E58783
BROOCH,ROMAN,40,65,SOM-6DC775
COIN,ROMAN,41,260,BM-822DF4
COIN,ROMAN,41,260,BM-82260D
COIN,ROMAN,41,260,BM-94C26C
COIN,ROMAN,41,260,BM-9457B9
COIN,ROMAN,41,260,BM-7EB149
TOILET ARTICLE,ROMAN,41,410,WILT-AF6BF1
TWEEZERS,ROMAN,41,410,WILT-AFBD22
BROOCH,ROMAN,43,70,PUBLIC-A192C4
BROOCH,ROMAN,43,70,WILT-0DEE76
BROOCH,ROMAN,43,70,WILT-BDC497
BROOCH,ROMAN,43,75,WILT-DB236E
BROOCH,ROMAN,43,75,WILT-DACA99
BROOCH,ROMAN,43,75,WILT-D98381
BROOCH,ROMAN,43,100,WILT-DD3F4E
BROOCH,ROMAN,43,100,WILT-DEDE18
BROOCH,ROMAN,43,100,WILT-79A3D7
BROOCH,ROMAN,43,100,WILT-D9E7A2
BROOCH,ROMAN,43,100,WILT-DC7288
BROOCH,ROMAN,43,100,WILT-DD0557
BROOCH,ROMAN,43,100,WILT-B2EECC
BROOCH,ROMAN,43,200,WILT-ECD935
BROOCH,ROMAN,43,200,WILT-EC52BE
VESSEL,ROMAN,43,200,WILT-0EEE23
COIN,ROMAN,43,250,WILT-9F20E4
COIN,ROMAN,43,250,WILT-362351
COIN,ROMAN,43,260,WILT-A10077
BRACELET,ROMAN,43,402,SOM-F732E1
FINGER RING,ROMAN,43,410,WILT-25A237
VESSEL,ROMAN,43,410,IARCH-75DD00
HOARD,ROMAN,43,410,IARCH-44594F
STUD FASTENER,ROMAN,43,410,PUBLIC-936EDB
FINGER RING,ROMAN,43,410,WILT-24D99C
BRACELET,ROMAN,43,410,WILT-92E454
UNIDENTIFIED OBJECT,ROMAN,43,410,WILT-7C3196
BRACELET,ROMAN,43,410,WILT-F44CC6
VESSEL,ROMAN,43,410,WILT-B79E21
STUD,ROMAN,43,410,WILT-3BA81A
MOUNT,ROMAN,43,410,WILT-3C10E5
FURNITURE FITTING,ROMAN,43,410,WILT-867143
HOARD,ROMAN,43,410,IARCH-1260D8
FINGER RING,ROMAN,43,410,PUBLIC-AA1C00
BRACELET,ROMAN,43,410,WILT-ACFEC5
BRACELET,ROMAN,43,410,WILT-2672AB
FINGER RING,ROMAN,43,410,WILT-2536F9
STUD,ROMAN,43,410,PUBLIC-B723A6
PIN,ROMAN,43,410,WILT-84A9C2
SPOON,ROMAN,43,410,WILT-AD5578
BROOCH,ROMAN,43,410,WILT-3E85EA
BROOCH,ROMAN,43,410,WILT-840C8C
FURNITURE FITTING,ROMAN,43,410,WILT-A4B8E0
BROOCH,ROMAN,43,410,WILT-BC4B28
BRACELET,ROMAN,43,410,WILT-BC85A0
VESSEL,ROMAN,43,410,SOM-72461C
FINGER RING,ROMAN,43,410,NMGW-9BBA17
PENDANT,ROMAN,43,410,PUBLIC-FD0111
BUCKLE,UNKNOWN,43,1400,WILT-05734E
AWL,UNKNOWN,43,1500,WILT-7225AA
UNIDENTIFIED OBJECT,UNKNOWN,43,1800,WILT-3F91D5
NAIL CLEANER,ROMAN,50,50,NMGW-9B9B22
BROOCH,ROMAN,50,150,WILT-D77833
BROOCH,ROMAN,50,150,WILT-C989B2
BROOCH,ROMAN,50,150,WILT-C85DAF
BROOCH,ROMAN,50,150,WILT-EA6B0B
BROOCH,ROMAN,50,150,WILT-C8A4C4
BROOCH,ROMAN,50,150,PUBLIC-E2BDB3
BROOCH,ROMAN,50,150,WILT-C7C7CE
BROOCH,ROMAN,50,150,WILT-E4809D
BROOCH,ROMAN,50,150,WILT-D6D5F1
BROOCH,ROMAN,50,150,WILT-EBB4E8
BROOCH,ROMAN,50,150,WILT-3C1632
BROOCH,ROMAN,50,150,WILT-E413C8
BROOCH,ROMAN,50,150,WILT-C7FE9D
BROOCH,ROMAN,50,150,WILT-E775D4
BROOCH,ROMAN,50,150,WILT-E94777
BROOCH,ROMAN,50,150,PUBLIC-E1ABA7
BROOCH,ROMAN,50,150,WILT-CA1F32
BROOCH,ROMAN,50,150,WILT-C95AA7
BROOCH,ROMAN,50,150,WILT-BED1C7
BROOCH,ROMAN,50,150,WILT-BE8C76
BROOCH,ROMAN,50,150,WILT-BE4656
BROOCH,ROMAN,50,150,WILT-BE0100
BROOCH,ROMAN,50,150,WILT-C725CC
BROOCH,ROMAN,50,175,SOM-ECD07B
BROOCH,ROMAN,50,200,WILT-EE6349
COIN,ROMAN,50,200,SOM-51E715
BROOCH,ROMAN,50,200,WILT-EE9F62
HARNESS MOUNT,ROMAN,50,400,SOM-54A823
BROOCH,ROMAN,55,100,WILT-B271C7
COIN,IRON AGE,58,43,WILT-6F6F27
COIN,IRON AGE,58,43,WILT-6F2D79
BROOCH,ROMAN,70,110,WILT-CFB7D0
BROOCH,ROMAN,75,100,WILT-D8CB75
BROOCH,ROMAN,75,175,WILT-3AE145
BROOCH,ROMAN,75,200,WILT-ED682B
BROOCH,ROMAN,75,200,WILT-DC24E1
BROOCH,ROMAN,75,200,WILT-3360EB
BROOCH,ROMAN,80,250,WILT-03AAA2
BROOCH,ROMAN,80,250,WILT-9390A2
BROOCH,ROMAN,80,250,WILT-93F768
BROOCH,ROMAN,80,250,WILT-3F728D
COIN,ROMAN,81,96,WILT-9EC7A6
BROOCH,IRON AGE,100,100,WILT-3B1A38
BROOCH,ROMAN,100,200,WILT-4BF5B6
BROOCH,ROMAN,100,200,WILT-EF1181
BROOCH,ROMAN,100,200,WILT-88C009
BROOCH,ROMAN,100,200,WILT-967CBC
PLATE BROOCH,ROMAN,100,200,SOM-1A6D81
PLATE BROOCH,ROMAN,100,250,WILT-B17BB4
BROOCH,ROMAN,100,250,WILT-DDD4FB
BROOCH,ROMAN,100,250,WILT-B1E0F6
BROOCH,ROMAN,100,300,WILT-E7C854
COIN,ROMAN,117,125,BM-823B00
COIN,ROMAN,119,121,BM-943CB8
COIN,ROMAN,132,134,WILT-8C794D
COIN,ROMAN,138,192,BM-7EECD1
COIN,ROMAN,139,161,BM-948700
COIN,ROMAN,147,175,WILT-03164E
BROOCH,ROMAN,150,250,WILT-EE0ED5
COIN,ROMAN,154,155,SOM-067BE7
COIN,ROMAN,161,192,SOM-540921
COIN,ROMAN,164,169,BM-7EDF37
COIN,ROMAN,198,209,WILT-7090B6
BROOCH,ROMAN,200,350,WILT-3A3A66
BROOCH,ROMAN,200,350,WILT-CE45DB
BROOCH,ROMAN,200,350,WILT-39ED2D
BROOCH,ROMAN,200,400,WILT-EB1156
MOUNT,ROMAN,200,410,PUBLIC-10DFDA
FINGER RING,ROMAN,200,410,WILT-B09203
FINGER RING,ROMAN,200,410,WILT-CF5D4C
COIN,ROMAN,218,222,BM-81CDC4
COIN,ROMAN,238,244,WILT-3BEA03
COIN,ROMAN,238,244,WILT-9FA237
BRACELET,ROMAN,250,400,WILT-AB1E81
BROOCH,ROMAN,250,400,SOM-6D0773
BRACELET,ROMAN,250,400,WILT-AABB27
COIN,ROMAN,251,253,BM-2EEB79
COIN,ROMAN,253,260,BM-CC5245
COIN,ROMAN,253,260,BM-2F095F
COIN,ROMAN,253,268,SOM-523865
COIN,ROMAN,260,265,WILT-93893C
COIN,ROMAN,260,268,WILT-A52A00
COIN,ROMAN,260,268,WILT-9C2190
COIN,ROMAN,260,268,WILT-C5F627
COIN,ROMAN,260,268,WILT-A5A2C1
COIN,ROMAN,260,268,WILT-9E8773
COIN,ROMAN,260,268,WILT-88540D
COIN,ROMAN,260,268,WILT-94E34B
COIN,ROMAN,260,268,BM-442BC4
COIN,ROMAN,260,268,SOM-488693
COIN,ROMAN,260,268,SOM-02A1F4
COIN,ROMAN,260,268,BM-F544EC
COIN,ROMAN,260,268,BM-E558C5
COIN,ROMAN,260,268,BM-E14A82
COIN,ROMAN,260,268,BM-E0F7C3
COIN,ROMAN,260,268,BM-E08C56
COIN,ROMAN,260,268,BM-E062D3
COIN,ROMAN,260,268,SOM-06C065
COIN,ROMAN,260,268,BM-7D716C
COIN,ROMAN,260,268,BM-7D4EA8
COIN,ROMAN,260,268,BM-7D4464
COIN,ROMAN,260,268,WILT-3A3314
COIN,ROMAN,260,268,WILT-377F11
COIN,ROMAN,260,268,WILT-374032
COIN,ROMAN,260,268,BM-FF5B68
COIN,ROMAN,260,268,BM-FF3A50
COIN,ROMAN,260,268,BM-FF17D3
COIN,ROMAN,260,268,WILT-A2C3F1
COIN,ROMAN,260,269,WILT-CE38F6
COIN,ROMAN,260,275,SOM-02F9D7
COIN,ROMAN,260,275,WILT-2A5239
COIN,ROMAN,260,275,WILT-2A4DDB
COIN,ROMAN,260,275,WILT-2A4958
COIN,ROMAN,260,275,WILT-2A4355
COIN,ROMAN,260,275,WILT-2A3A79
COIN,ROMAN,260,275,WILT-88D049
COIN,ROMAN,260,275,WILT-889D58
COIN,ROMAN,260,275,WILT-BF083B
COIN,ROMAN,260,275,WILT-BE93D9
COIN,ROMAN,260,275,WILT-BDC784
COIN,ROMAN,260,275,WILT-BDB48B
COIN,ROMAN,260,275,BM-F3CD59
COIN,ROMAN,260,275,BM-F3C4D6
COIN,ROMAN,260,275,WILT-39DEB6
COIN,ROMAN,260,275,WILT-39CF11
COIN,ROMAN,260,275,WILT-39C4F8
COIN,ROMAN,260,275,BM-952EF4
COIN,ROMAN,260,275,BM-7EA70D
COIN,ROMAN,260,275,BM-7D842C
COIN,ROMAN,260,275,WILT-A1C301
COIN,ROMAN,260,275,SOM-039157
COIN,ROMAN,260,296,WILT-9E05AC
COIN,ROMAN,260,296,WILT-9DA1F1
COIN,ROMAN,260,296,WILT-9D7466
COIN,ROMAN,260,296,WILT-9C7AFD
COIN,ROMAN,260,296,WILT-9C53EA
COIN,ROMAN,260,296,BM-46F039
COIN,ROMAN,260,296,WILT-768DA7
COIN,ROMAN,260,296,BM-809DAB
COIN,ROMAN,260,296,BM-974554
COIN,ROMAN,260,402,WILT-2A2D73
COIN,ROMAN,260,402,WILT-BF23D2
COIN,ROMAN,260,402,WILT-BF1D4B
COIN,ROMAN,260,402,WILT-BF1658
COIN,ROMAN,260,402,WILT-BF0F9E
COIN,ROMAN,260,402,WILT-BF0241
COIN,ROMAN,260,402,WILT-BEFBCF
COIN,ROMAN,260,402,WILT-BED757
COIN,ROMAN,260,402,WILT-94F411
COIN,ROMAN,260,402,WILT-94A969
COIN,ROMAN,260,402,WILT-93D629
COIN,ROMAN,260,402,WILT-CE86F0
COIN,ROMAN,260,402,WILT-BD6361
COIN,ROMAN,260,402,WILT-BD5175
COIN,ROMAN,260,402,BM-F3D57D
COIN,ROMAN,260,402,BM-BADBF4
COIN,ROMAN,260,402,WILT-76AD12
COIN,ROMAN,260,402,WILT-7530C4
COIN,ROMAN,260,402,SOM-2D5262
COIN,ROMAN,260,402,SOM-0949C3
COIN,ROMAN,260,402,SOM-064BF5
COIN,ROMAN,260,402,BM-80A55E
COIN,ROMAN,260,402,BM-6B6FE2
COIN,ROMAN,260,402,BM-6B187D
COIN,ROMAN,260,402,BM-4E0859
COIN,ROMAN,260,402,WILT-3694E6
COIN,ROMAN,260,402,BM-978941
COIN,ROMAN,260,402,BM-9366CD
COIN,ROMAN,260,402,BM-935F8E
COIN,ROMAN,260,402,BM-FEB062
COIN,ROMAN,260,402,BM-FEAC19
COIN,ROMAN,260,402,BM-FE9C22
COIN,ROMAN,260,402,BM-FE9288
COIN,ROMAN,260,402,BM-FE8C0B
COIN,ROMAN,260,402,BM-FE7A37
COIN,ROMAN,260,402,WILT-A0EB32
COIN,ROMAN,260,402,SOM-060093
COIN,ROMAN,268,269,BM-0002AC
COIN,ROMAN,268,270,WILT-02E512
COIN,ROMAN,268,270,SOM-022723
COIN,ROMAN,268,270,SOM-528906
COIN,ROMAN,268,270,WILT-8735C5
COIN,ROMAN,268,270,WILT-C70F6B
COIN,ROMAN,268,270,WILT-CE0ADC
COIN,ROMAN,268,270,WILT-CDCE21
COIN,ROMAN,268,270,BM-E58B05
COIN,ROMAN,268,270,BM-E5350E
COIN,ROMAN,268,270,BM-E50198
COIN,ROMAN,268,270,BM-E4A85B
COIN,ROMAN,268,270,BM-7F3E13
COIN,ROMAN,268,270,BM-7E717B
COIN,ROMAN,268,270,BM-7DBAFF
COIN,ROMAN,268,270,BM-7B2742
COIN,ROMAN,268,270,WILT-A17986
COIN,ROMAN,268,273,WILT-A2A493
COIN,ROMAN,268,274,WILT-39AE95
COIN,ROMAN,269,271,BM-DE95B3
COIN,ROMAN,269,271,BM-7F7124
COIN,ROMAN,269,271,WILT-379C45
COIN,ROMAN,269,271,BM-969414
COIN,ROMAN,269,271,BM-9688BB
COIN,ROMAN,269,271,BM-7B5234
COIN,ROMAN,269,271,BM-125016
COIN,ROMAN,269,274,WILT-71ADC7
COIN,ROMAN,269,274,BM-DE6AAA
COIN,ROMAN,269,274,WILT-39A5E7
COIN,ROMAN,269,274,WILT-397028
COIN,ROMAN,269,274,BM-96A9CE
COIN,ROMAN,269,274,BM-7AFE5B
COIN,ROMAN,270,270,BM-4512C1
COIN,ROMAN,270,270,SOM-57EAB9
COIN,ROMAN,270,271,WILT-C68694
COIN,ROMAN,270,271,WILT-710914
COIN,ROMAN,270,273,WILT-A29486
COIN,ROMAN,270,285,BM-951AFA
COIN,ROMAN,270,285,BM-951034
COIN,ROMAN,270,285,BM-95073F
COIN,ROMAN,271,274,WILT-9D38E3
COIN,ROMAN,271,274,WILT-8BDC11
COIN,ROMAN,271,274,BM-DEB058
COIN,ROMAN,271,274,BM-DE9F98
COIN,ROMAN,271,274,SOM-079AC1
COIN,ROMAN,271,274,BM-965448
COIN,ROMAN,271,274,BM-964C21
COIN,ROMAN,271,274,BM-9627A1
COIN,ROMAN,271,274,BM-123C81
COIN,ROMAN,271,274,WILT-A2D625
COIN,ROMAN,271,274,WILT-A1B312
COIN,ROMAN,272,274,WILT-8885C3
COIN,ROMAN,272,274,WILT-9473DB
COIN,ROMAN,272,274,WILT-8D0517
COIN,ROMAN,272,274,WILT-8B4E94
COIN,ROMAN,272,274,SOM-6CAFBD
COIN,ROMAN,272,274,BM-E0AD94
COIN,ROMAN,272,274,BM-DED788
COIN,ROMAN,272,274,WILT-728316
COIN,ROMAN,272,274,WILT-38FCC3
COIN,ROMAN,272,274,WILT-38E5B7
COIN,ROMAN,272,274,WILT-37E4E5
COIN,ROMAN,272,274,BM-96C3FE
COIN,ROMAN,272,274,BM-7B0EDB
COIN,ROMAN,275,285,SOM-02BC01
COIN,ROMAN,275,285,SOM-025E41
COIN,ROMAN,275,285,WILT-119F32
COIN,ROMAN,275,285,WILT-1140F4
COIN,ROMAN,275,285,SOM-534F71
COIN,ROMAN,275,285,SOM-530006
COIN,ROMAN,275,285,SOM-52EE44
COIN,ROMAN,275,285,WILT-A0DD98
COIN,ROMAN,275,285,WILT-89BFE3
COIN,ROMAN,275,285,WILT-879CA0
COIN,ROMAN,275,285,WILT-C03A5F
COIN,ROMAN,275,285,WILT-C032CE
COIN,ROMAN,275,285,WILT-C0290B
COIN,ROMAN,275,285,WILT-C01938
COIN,ROMAN,275,285,WILT-C00D5B
COIN,ROMAN,275,285,WILT-BFCBC8
COIN,ROMAN,275,285,WILT-BFC4B9
COIN,ROMAN,275,285,WILT-BFB620
COIN,ROMAN,275,285,WILT-BEF2F5
COIN,ROMAN,275,285,WILT-A8D679
COIN,ROMAN,275,285,WILT-95BC6A
COIN,ROMAN,275,285,WILT-95442E
COIN,ROMAN,275,285,WILT-94B8B2
COIN,ROMAN,275,285,WILT-93B823
COIN,ROMAN,275,285,WILT-929E53
COIN,ROMAN,275,285,WILT-2C934D
COIN,ROMAN,275,285,WILT-2C6753
COIN,ROMAN,275,285,WILT-2C172E
COIN,ROMAN,275,285,WILT-837C13
COIN,ROMAN,275,285,WILT-9C467A
COIN,ROMAN,275,285,WILT-9C2F4E
COIN,ROMAN,275,285,WILT-8C93E4
COIN,ROMAN,275,285,WILT-899CD4
COIN,ROMAN,275,285,WILT-CD9A25
COIN,ROMAN,275,285,WILT-BD986E
COIN,ROMAN,275,285,WILT-BD9287
COIN,ROMAN,275,285,WILT-BD8B1C
COIN,ROMAN,275,285,WILT-BD83AD
COIN,ROMAN,275,285,WILT-BD752F
COIN,ROMAN,275,285,BM-46E388
COIN,ROMAN,275,285,BM-46DA15
COIN,ROMAN,275,285,BM-46D5AB
COIN,ROMAN,275,285,BM-46CA1A
COIN,ROMAN,275,285,SOM-587C93
COIN,ROMAN,275,285,BM-F3A7FC
COIN,ROMAN,275,285,BM-F39DCB
COIN,ROMAN,275,285,BM-F38EB8
COIN,ROMAN,275,285,BM-F385C4
COIN,ROMAN,275,285,BM-F3628C
COIN,ROMAN,275,285,BM-E1FD63
COIN,ROMAN,275,285,BM-E1ED35
COIN,ROMAN,275,285,BM-E1D8FA
COIN,ROMAN,275,285,BM-E1CC68
COIN,ROMAN,275,285,BM-E1C514
COIN,ROMAN,275,285,BM-E1BAD5
COIN,ROMAN,275,285,BM-E1A3BE
COIN,ROMAN,275,285,BM-E196E6
COIN,ROMAN,275,285,BM-E1890C
COIN,ROMAN,275,285,BM-E14436
COIN,ROMAN,275,285,BM-E599BE
COIN,ROMAN,275,285,WILT-755152
COIN,ROMAN,275,285,WILT-7543A0
COIN,ROMAN,275,285,WILT-727174
COIN,ROMAN,275,285,WILT-7269A6
COIN,ROMAN,275,285,WILT-726202
COIN,ROMAN,275,285,WILT-725086
COIN,ROMAN,275,285,SOM-066DB0
COIN,ROMAN,275,285,BM-817FD3
COIN,ROMAN,275,285,BM-8179EE
COIN,ROMAN,275,285,BM-816F94
COIN,ROMAN,275,285,BM-8168AA
COIN,ROMAN,275,285,BM-8162E2
COIN,ROMAN,275,285,BM-815C0C
COIN,ROMAN,275,285,BM-814A68
COIN,ROMAN,275,285,BM-8144CE
COIN,ROMAN,275,285,BM-813E21
COIN,ROMAN,275,285,BM-813608
COIN,ROMAN,275,285,BM-8121C5
COIN,ROMAN,275,285,BM-80F4C1
COIN,ROMAN,275,285,BM-80E5AF
COIN,ROMAN,275,285,BM-80AE8C
COIN,ROMAN,275,285,BM-7F9D06
COIN,ROMAN,275,285,BM-7F94B7
COIN,ROMAN,275,285,BM-7F59C8
COIN,ROMAN,275,285,BM-7F519B
COIN,ROMAN,275,285,BM-46B86B
COIN,ROMAN,275,285,BM-4552E9
COIN,ROMAN,275,285,BM-4544AB
COIN,ROMAN,275,285,BM-45284B
COIN,ROMAN,275,285,BM-451D29
COIN,ROMAN,275,285,WILT-395BC4
COIN,ROMAN,275,285,WILT-395045
COIN,ROMAN,275,285,WILT-394747
COIN,ROMAN,275,285,WILT-393E41
COIN,ROMAN,275,285,WILT-391C34
COIN,ROMAN,275,285,BM-97383C
COIN,ROMAN,275,285,BM-97247A
COIN,ROMAN,275,285,BM-970C56
COIN,ROMAN,275,285,BM-96F6D3
COIN,ROMAN,275,285,BM-96E897
COIN,ROMAN,275,285,BM-96E029
COIN,ROMAN,275,285,BM-96CF33
COIN,ROMAN,275,285,BM-7D7766
COIN,ROMAN,275,285,BM-7D6B38
COIN,ROMAN,275,285,BM-7D5B82
COIN,ROMAN,275,285,BM-7D4E39
COIN,ROMAN,275,285,BM-7D4021
COIN,ROMAN,275,285,BM-7B3F37
COIN,ROMAN,275,285,BM-7B3521
COIN,ROMAN,275,285,WILT-A2B773
COIN,ROMAN,275,285,WILT-A213D7
COIN,ROMAN,275,285,WILT-A1DC62
COIN,ROMAN,275,285,WILT-A1D3B1
COIN,ROMAN,275,285,WILT-A1A0A6
COIN,ROMAN,275,285,WILT-A18FF1
COIN,ROMAN,275,285,SOM-038035
COIN,ROMAN,275,296,WILT-93065C
COIN,ROMAN,275,378,WILT-350424
COIN,ROMAN,286,293,WILT-892357
COIN,ROMAN,286,293,WILT-8809B5
COIN,ROMAN,286,293,SOM-584F48
COIN,ROMAN,286,293,BM-7FD46A
COIN,ROMAN,286,293,BM-7FA827
COIN,ROMAN,286,293,BM-2F1FAF
COIN,ROMAN,286,293,SOM-075FC5
COIN,ROMAN,286,293,BM-7B5E9F
COIN,ROMAN,286,293,WILT-A20145
COIN,ROMAN,286,293,WILT-A1F201
COIN,ROMAN,293,296,WILT-BDDF4B
COIN,ROMAN,293,296,WILT-CAD212
COIN,ROMAN,296,305,SOM-06EAB1
SPOON,ROMAN,300,400,WILT-3F5E71
COIN,ROMAN,300,400,WILT-76A052
COIN,ROMAN,300,400,WILT-752516
FINGER RING,ROMAN,300,400,WILT-BDB6F9
STRAP END,ROMAN,300,400,WILT-D7FB35
BUCKLE,MEDIEVAL,300,400,PUBLIC-280A2F
STRAP END,ROMAN,300,410,WILT-D0F66A
STRAP END,ROMAN,300,410,WILT-D0BEDC
STRAP END,ROMAN,300,410,WILT-DA5A7A
STRAP END,ROMAN,300,410,WILT-DA95E2
FINGER RING,ROMAN,301,400,WILT-B78032
NAIL CLEANER,ROMAN,301,400,WILT-F40193
COIN,ROMAN,307,317,BM-94B553
COIN,ROMAN,307,361,WILT-A076EB
COIN,ROMAN,307,361,WILT-949646
COIN,ROMAN,310,310,BM-CB20D1
COIN,ROMAN,310,313,BM-949E36
COIN,ROMAN,310,317,SOM-090884
COIN,ROMAN,310,319,BM-9631E6
COIN,ROMAN,312,313,BM-953A82
COIN,ROMAN,314,315,BM-946F50
COIN,ROMAN,315,315,SOM-08D7B8
COIN,ROMAN,315,316,BM-951F04
COIN,ROMAN,317,337,WILT-02332E
COIN,ROMAN,318,319,SOM-080B67
COIN,ROMAN,318,320,SOM-089EA4
COIN,ROMAN,318,320,BM-95E529
COIN,ROMAN,318,320,BM-0BCFE5
COIN,ROMAN,318,324,WILT-A4DA4B
COIN,ROMAN,318,324,WILT-9FA22C
COIN,ROMAN,318,324,WILT-CD402B
COIN,ROMAN,318,324,WILT-CD13D1
COIN,ROMAN,318,324,WILT-CCEEF3
COIN,ROMAN,318,324,WILT-0254EE
COIN,ROMAN,318,324,WILT-006262
COIN,ROMAN,318,324,SOM-5D3CAC
COIN,ROMAN,318,324,SOM-5AD730
COIN,ROMAN,318,324,SOM-5AB567
COIN,ROMAN,318,324,WILT-3AD1E8
COIN,ROMAN,318,324,WILT-3AB6E8
COIN,ROMAN,318,324,WILT-8FD2B3
COIN,ROMAN,318,324,WILT-117956
COIN,ROMAN,319,319,BM-95D81E
COIN,ROMAN,320,320,BM-77CF87
COIN,ROMAN,320,321,BM-95C32E
COIN,ROMAN,320,324,BM-08C636
COIN,ROMAN,320,324,BM-08B6AC
COIN,ROMAN,320,325,BM-58FFE9
COIN,ROMAN,320,325,BM-959D2F
COIN,ROMAN,320,326,SOM-02A5B5
COIN,ROMAN,320,326,SOM-08AE11
BROOCH,ROMAN,320,410,WILT-CA9F6A
BRACELET,ROMAN,320,450,WILT-DAFB63
BRACELET,ROMAN,320,450,WILT-779FC8
COIN,ROMAN,321,321,BM-CB3494
COIN,ROMAN,321,321,BM-6708CE
COIN,ROMAN,321,321,BM-81E72A
COIN,ROMAN,321,321,BM-963D9D
COIN,ROMAN,321,321,BM-96124B
COIN,ROMAN,321,323,WILT-7006A2
COIN,ROMAN,321,323,BM-77297F
COIN,ROMAN,321,323,WILT-CA854C
COIN,ROMAN,321,323,BM-9602C6
COIN,ROMAN,321,323,BM-93CB68
COIN,ROMAN,321,323,BM-93C13C
COIN,ROMAN,321,323,BM-089D12
COIN,ROMAN,321,324,BM-776EB5
COIN,ROMAN,321,324,BM-964BC9
COIN,ROMAN,321,324,BM-9590BE
COIN,ROMAN,321,324,SOM-03FBC5
COIN,ROMAN,322,322,SOM-5341D4
COIN,ROMAN,322,323,WILT-AAA507
COIN,ROMAN,322,323,WILT-AA3F10
COIN,ROMAN,322,323,BM-CB54B6
COIN,ROMAN,322,323,BM-961FD2
COIN,ROMAN,323,323,SOM-5AF881
COIN,ROMAN,323,324,BM-7795CC
COIN,ROMAN,323,324,BM-774A9B
COIN,ROMAN,324,325,WILT-908B6C
COIN,ROMAN,324,325,WILT-A95CD9
COIN,ROMAN,324,325,SOM-5B99A4
COIN,ROMAN,324,325,SOM-07E2D5
COIN,ROMAN,324,325,BM-4DD098
COIN,ROMAN,324,326,BM-5B9637
COIN,ROMAN,324,328,SOM-088290
COIN,ROMAN,324,328,WILT-3A0F23
COIN,ROMAN,324,328,WILT-8EA2B7
COIN,ROMAN,324,330,WILT-923777
COIN,ROMAN,324,330,WILT-001799
COIN,ROMAN,324,330,SOM-5CA4AE
COIN,ROMAN,324,330,BM-590E7B
COIN,ROMAN,324,330,BM-A680BA
COIN,ROMAN,324,330,BM-592368
COIN,ROMAN,324,330,BM-0903CD
COIN,ROMAN,324,330,BM-08FB23
COIN,ROMAN,326,326,BM-A637B3
COIN,ROMAN,326,326,BM-A626A9
COIN,ROMAN,326,326,BM-A61D51
COIN,ROMAN,326,326,BM-A61961
COIN,ROMAN,326,326,BM-A60A2A
COIN,ROMAN,326,326,BM-96463B
COIN,ROMAN,326,328,BM-08E6D8
COIN,ROMAN,328,328,SOM-5CCA55
COIN,ROMAN,330,331,SOM-027970
COIN,ROMAN,330,331,WILT-83D824
COIN,ROMAN,330,331,WILT-AD9D90
COIN,ROMAN,330,331,BM-CB8133
COIN,ROMAN,330,331,BM-A69F37
COIN,ROMAN,330,331,BM-092E54
COIN,ROMAN,330,335,WILT-CA395F
COIN,ROMAN,330,335,SOM-51BC33
COIN,ROMAN,330,335,WILT-2934D3
COIN,ROMAN,330,335,WILT-292DED
COIN,ROMAN,330,335,WILT-28CFDB
COIN,ROMAN,330,335,WILT-28B475
COIN,ROMAN,330,335,WILT-28AE8C
COIN,ROMAN,330,335,WILT-28A61C
COIN,ROMAN,330,335,WILT-9F5AEE
COIN,ROMAN,330,335,WILT-9CBCDE
COIN,ROMAN,330,335,WILT-8B8CB8
COIN,ROMAN,330,335,WILT-A870FA
COIN,ROMAN,330,335,WILT-A5C4F3
COIN,ROMAN,330,335,WILT-A4EB24
COIN,ROMAN,330,335,WILT-91FE8B
COIN,ROMAN,330,335,WILT-91C65D
COIN,ROMAN,330,335,WILT-91A93B
COIN,ROMAN,330,335,WILT-901317
COIN,ROMAN,330,335,WILT-2C4F99
COIN,ROMAN,330,335,WILT-83F6C3
COIN,ROMAN,330,335,WILT-830ADA
COIN,ROMAN,330,335,WILT-83037B
COIN,ROMAN,330,335,WILT-82FAFC
COIN,ROMAN,330,335,WILT-82D1C8
COIN,ROMAN,330,335,WILT-82CCB9
COIN,ROMAN,330,335,WILT-82C82A
COIN,ROMAN,330,335,WILT-82C2F6
COIN,ROMAN,330,335,WILT-82BBC3
COIN,ROMAN,330,335,WILT-CC6388
COIN,ROMAN,330,335,WILT-CC4AB6
COIN,ROMAN,330,335,WILT-CC3B0E
COIN,ROMAN,330,335,WILT-CC0951
COIN,ROMAN,330,335,WILT-9267CD
COIN,ROMAN,330,335,WILT-0272B0
COIN,ROMAN,330,335,WILT-01E46D
COIN,ROMAN,330,335,WILT-01E41C
COIN,ROMAN,330,335,WILT-01E3B6
COIN,ROMAN,330,335,WILT-014908
COIN,ROMAN,330,335,WILT-013B7D
COIN,ROMAN,330,335,WILT-012A66
COIN,ROMAN,330,335,WILT-007D14
COIN,ROMAN,330,335,WILT-FFC3D1
COIN,ROMAN,330,335,WILT-3F1532
COIN,ROMAN,330,335,WILT-3EFAE2
COIN,ROMAN,330,335,SOM-5CFBDF
COIN,ROMAN,330,335,SOM-5A2710
COIN,ROMAN,330,335,SOM-5A14BB
COIN,ROMAN,330,335,SOM-59A0E9
COIN,ROMAN,330,335,SOM-597D45
COIN,ROMAN,330,335,SOM-593B37
COIN,ROMAN,330,335,SOM-58D768
COIN,ROMAN,330,335,BM-E3816E
COIN,ROMAN,330,335,BM-E3764A
COIN,ROMAN,330,335,BM-E36555
COIN,ROMAN,330,335,BM-BAFE56
COIN,ROMAN,330,335,BM-7B0E0D
COIN,ROMAN,330,335,BM-7B04EB
COIN,ROMAN,330,335,BM-7AF67D
COIN,ROMAN,330,335,BM-7AE74D
COIN,ROMAN,330,335,BM-7AD2D2
COIN,ROMAN,330,335,BM-7AC59C
COIN,ROMAN,330,335,WILT-BE7B71
COIN,ROMAN,330,335,WILT-BE4CF2
COIN,ROMAN,330,335,WILT-759984
COIN,ROMAN,330,335,WILT-758FC4
COIN,ROMAN,330,335,WILT-72CC24
COIN,ROMAN,330,335,WILT-72C637
COIN,ROMAN,330,335,WILT-72BD48
COIN,ROMAN,330,335,WILT-72ADA6
COIN,ROMAN,330,335,WILT-729E93
COIN,ROMAN,330,335,WILT-12DE54
COIN,ROMAN,330,335,WILT-C35684
COIN,ROMAN,330,335,SOM-07BE34
COIN,ROMAN,330,335,BM-6C27B9
COIN,ROMAN,330,335,BM-A7BC6C
COIN,ROMAN,330,335,BM-A7B659
COIN,ROMAN,330,335,BM-A7AC3B
COIN,ROMAN,330,335,BM-A79F6D
COIN,ROMAN,330,335,BM-A7905D
COIN,ROMAN,330,335,BM-A77547
COIN,ROMAN,330,335,WILT-366962
COIN,ROMAN,330,335,BM-0AF8AE
COIN,ROMAN,330,335,BM-0AEE3A
COIN,ROMAN,330,335,BM-0AE374
COIN,ROMAN,330,335,WILT-406298
COIN,ROMAN,330,335,WILT-4041C3
COIN,ROMAN,330,335,BM-AC47ED
COIN,ROMAN,330,335,BM-A7FCD5
COIN,ROMAN,330,335,WILT-907155
COIN,ROMAN,330,335,WILT-8F98C2
COIN,ROMAN,330,335,WILT-8DDD92
COIN,ROMAN,330,335,WILT-8D9E02
COIN,ROMAN,330,335,WILT-8D82E5
COIN,ROMAN,330,335,WILT-8D7225
COIN,ROMAN,330,335,WILT-8D5351
COIN,ROMAN,330,335,WILT-8CCF91
COIN,ROMAN,330,335,SOM-0469A4
COIN,ROMAN,330,340,WILT-28C8A5
COIN,ROMAN,330,340,WILT-28BE84
COIN,ROMAN,330,340,BM-5A27DB
COIN,ROMAN,330,340,BM-5A2155
COIN,ROMAN,330,340,BM-59D87D
COIN,ROMAN,330,340,BM-59D0BA
COIN,ROMAN,330,340,BM-595FF2
COIN,ROMAN,330,340,BM-595967
COIN,ROMAN,330,340,BM-59527D
COIN,ROMAN,330,340,BM-593194
COIN,ROMAN,330,340,BM-E394E5
COIN,ROMAN,330,340,BM-E38D0D
COIN,ROMAN,330,340,BM-CB6C71
COIN,ROMAN,330,340,BM-CAEAE5
COIN,ROMAN,330,340,BM-7A73F9
COIN,ROMAN,330,340,BM-7A6BDF
COIN,ROMAN,330,340,BM-7A2DA5
COIN,ROMAN,330,340,BM-7A20C7
COIN,ROMAN,330,340,BM-7A1B1B
COIN,ROMAN,330,340,BM-7A1714
COIN,ROMAN,330,340,BM-7A0FC9
COIN,ROMAN,330,340,BM-79DDAF
COIN,ROMAN,330,340,BM-79D57A
COIN,ROMAN,330,340,BM-79C611
COIN,ROMAN,330,340,BM-79C104
COIN,ROMAN,330,340,BM-79BD7F
COIN,ROMAN,330,340,BM-77ED07
COIN,ROMAN,330,340,WILT-729121
COIN,ROMAN,330,340,SOM-082471
COIN,ROMAN,330,340,SOM-07F9C8
COIN,ROMAN,330,340,SOM-06A543
COIN,ROMAN,330,340,BM-A74C62
COIN,ROMAN,330,340,BM-A744C2
COIN,ROMAN,330,340,BM-A73DB1
COIN,ROMAN,330,340,BM-A73717
COIN,ROMAN,330,340,BM-A72CD7
COIN,ROMAN,330,340,BM-A72349
COIN,ROMAN,330,340,BM-A70235
COIN,ROMAN,330,340,BM-A6F889
COIN,ROMAN,330,340,BM-A6D943
COIN,ROMAN,330,340,BM-A6CFEB
COIN,ROMAN,330,340,BM-A6B691
COIN,ROMAN,330,340,BM-A6A7A7
COIN,ROMAN,330,340,BM-5A2EE6
COIN,ROMAN,330,340,BM-93F568
COIN,ROMAN,330,340,BM-0A26C2
COIN,ROMAN,330,340,BM-0A1E7F
COIN,ROMAN,330,340,BM-0A138A
COIN,ROMAN,330,340,BM-093409
COIN,ROMAN,330,340,BM-0920B2
COIN,ROMAN,330,340,BM-A7F266
COIN,ROMAN,330,340,BM-A7EB28
COIN,ROMAN,330,340,BM-A7DFF1
COIN,ROMAN,330,340,BM-A7DC49
COIN,ROMAN,330,340,BM-A7D720
COIN,ROMAN,330,340,BM-A7CA72
COIN,ROMAN,330,340,WILT-A06322
COIN,ROMAN,330,340,SOM-04F983
COIN,ROMAN,330,340,SOM-047946
COIN,ROMAN,330,340,SOM-045743
COIN,ROMAN,330,361,BM-570538
COIN,ROMAN,330,364,BM-6C6ABD
COIN,ROMAN,330,364,BM-6C1E19
COIN,ROMAN,330,364,BM-FEB822
COIN,ROMAN,330,402,WILT-2A13D7
COIN,ROMAN,330,402,WILT-2924CB
COIN,ROMAN,330,402,WILT-292084
COIN,ROMAN,330,402,WILT-29196E
COIN,ROMAN,330,402,WILT-290F88
COIN,ROMAN,330,402,WILT-27A1B7
COIN,ROMAN,330,402,WILT-279B38
COIN,ROMAN,330,402,WILT-279521
COIN,ROMAN,330,402,WILT-278CB7
COIN,ROMAN,330,402,WILT-9D191C
COIN,ROMAN,330,402,WILT-8A7894
COIN,ROMAN,330,402,WILT-8A3F2B
COIN,ROMAN,330,402,WILT-BEBCFE
COIN,ROMAN,330,402,WILT-BEB6EA
COIN,ROMAN,330,402,WILT-BEAD09
COIN,ROMAN,330,402,WILT-BEA599
COIN,ROMAN,330,402,WILT-BE5D92
COIN,ROMAN,330,402,WILT-95DB97
COIN,ROMAN,330,402,WILT-83268F
COIN,ROMAN,330,402,WILT-831F51
COIN,ROMAN,330,402,WILT-825F1C
COIN,ROMAN,330,402,WILT-825AC1
COIN,ROMAN,330,402,WILT-8253B5
COIN,ROMAN,330,402,WILT-824C82
COIN,ROMAN,330,402,WILT-CE7490
COIN,ROMAN,330,402,WILT-BE4DBE
COIN,ROMAN,330,402,WILT-BE39F9
COIN,ROMAN,330,402,WILT-BE2CDD
COIN,ROMAN,330,402,WILT-BE2365
COIN,ROMAN,330,402,WILT-BDFCB3
COIN,ROMAN,330,402,WILT-928D6A
COIN,ROMAN,330,402,BM-BAEA60
COIN,ROMAN,330,402,BM-BA96D3
COIN,ROMAN,330,402,BM-821EA2
COIN,ROMAN,330,402,BM-8219C4
COIN,ROMAN,330,402,BM-6B858B
COIN,ROMAN,330,402,BM-6B78A3
COIN,ROMAN,330,402,BM-6B3D16
COIN,ROMAN,330,402,BM-6B3528
COIN,ROMAN,330,402,BM-4E00A3
COIN,ROMAN,330,402,BM-4DFACB
COIN,ROMAN,330,402,WILT-36A771
COIN,ROMAN,330,402,BM-975CC4
COIN,ROMAN,330,402,BM-940E6C
COIN,ROMAN,330,402,BM-9354E2
COIN,ROMAN,330,402,BM-AC5D43
COIN,ROMAN,330,402,BM-AC2C13
COIN,ROMAN,330,402,BM-AC20CB
COIN,ROMAN,330,402,WILT-A07E23
COIN,ROMAN,332,332,BM-0A9E02
COIN,ROMAN,332,333,SOM-528BA2
COIN,ROMAN,332,333,BM-5A05F2
COIN,ROMAN,332,333,BM-5A13FB
COIN,ROMAN,332,333,BM-59FB6A
COIN,ROMAN,333,333,SOM-524F12
COIN,ROMAN,333,334,WILT-A8F5B3
COIN,ROMAN,333,334,WILT-A88C40
COIN,ROMAN,333,334,SOM-595559
COIN,ROMAN,333,334,BM-CB9111
COIN,ROMAN,333,334,WILT-758412
COIN,ROMAN,333,334,BM-A6C5AB
COIN,ROMAN,333,334,BM-A6AF74
COIN,ROMAN,333,335,SOM-5A360C
COIN,ROMAN,334,334,SOM-5395C5
COIN,ROMAN,335,336,SOM-5D1817
COIN,ROMAN,335,337,WILT-C6EB79
COIN,ROMAN,335,337,WILT-016F89
COIN,ROMAN,335,337,BM-E43C11
COIN,ROMAN,335,337,BM-E3E006
COIN,ROMAN,335,337,BM-7B739C
COIN,ROMAN,335,337,BM-7B5601
COIN,ROMAN,335,340,BM-7B6199
COIN,ROMAN,335,341,WILT-29EA6D
COIN,ROMAN,335,341,WILT-29E31E
COIN,ROMAN,335,341,WILT-29D953
COIN,ROMAN,335,341,WILT-29D583
COIN,ROMAN,335,341,WILT-29C518
COIN,ROMAN,335,341,WILT-29BB69
COIN,ROMAN,335,341,WILT-29B36D
COIN,ROMAN,335,341,WILT-C6E0F9
COIN,ROMAN,335,341,WILT-C6B85A
COIN,ROMAN,335,341,WILT-C6AE58
COIN,ROMAN,335,341,WILT-C69BC2
COIN,ROMAN,335,341,WILT-714C8D
COIN,ROMAN,335,341,WILT-9507EE
COIN,ROMAN,335,341,WILT-9057C6
COIN,ROMAN,335,341,WILT-83BB30
COIN,ROMAN,335,341,WILT-82B38A
COIN,ROMAN,335,341,WILT-82A9C5
COIN,ROMAN,335,341,WILT-829F78
COIN,ROMAN,335,341,WILT-94FE46
COIN,ROMAN,335,341,WILT-93CD0E
COIN,ROMAN,335,341,WILT-93A37D
COIN,ROMAN,335,341,WILT-9213AB
COIN,ROMAN,335,341,WILT-9205D2
COIN,ROMAN,335,341,WILT-01810D
COIN,ROMAN,335,341,BM-5A7D57
COIN,ROMAN,335,341,BM-E4A32C
COIN,ROMAN,335,341,BM-E48D3E
COIN,ROMAN,335,341,BM-E483EF
COIN,ROMAN,335,341,BM-E45E01
COIN,ROMAN,335,341,BM-E3F75E
COIN,ROMAN,335,341,BM-E3EE5F
COIN,ROMAN,335,341,BM-CAFA23
COIN,ROMAN,335,341,BM-7B9B2C
COIN,ROMAN,335,341,BM-7B8C83
COIN,ROMAN,335,341,BM-7B7F11
COIN,ROMAN,335,341,BM-7B4378
COIN,ROMAN,335,341,BM-7B3527
COIN,ROMAN,335,341,WILT-CA212D
COIN,ROMAN,335,341,WILT-75B062
COIN,ROMAN,335,341,WILT-75A4F7
COIN,ROMAN,335,341,WILT-731453
COIN,ROMAN,335,341,WILT-730DD3
COIN,ROMAN,335,341,WILT-72EEF5
COIN,ROMAN,335,341,WILT-72E776
COIN,ROMAN,335,341,WILT-72E217
COIN,ROMAN,335,341,WILT-72DB25
COIN,ROMAN,335,341,WILT-72D395
COIN,ROMAN,335,341,WILT-C37AD8
COIN,ROMAN,335,341,WILT-C36AE6
COIN,ROMAN,335,341,SOM-077A44
COIN,ROMAN,335,341,SOM-06D0A3
COIN,ROMAN,335,341,SOM-065C51
COIN,ROMAN,335,341,BM-6C2E2C
COIN,ROMAN,335,341,WILT-3A88A3
COIN,ROMAN,335,341,BM-8AD660
COIN,ROMAN,335,341,BM-8ABC59
COIN,ROMAN,335,341,BM-8AAA85
COIN,ROMAN,335,341,BM-8AA1B9
COIN,ROMAN,335,341,BM-8A9915
COIN,ROMAN,335,341,BM-8A852A
COIN,ROMAN,335,341,WILT-8D29B4
COIN,ROMAN,335,341,BM-AC5119
COIN,ROMAN,335,341,BM-A8264F
COIN,ROMAN,335,341,BM-A8188C
COIN,ROMAN,335,341,WILT-8CF732
COIN,ROMAN,335,341,SOM-042934
COIN,ROMAN,335,341,SOM-0416C2
COIN,ROMAN,335,361,SOM-083381
COIN,ROMAN,335,361,SOM-07D267
COIN,ROMAN,336,336,BM-5A70BF
COIN,ROMAN,337,337,BM-CBA513
COIN,ROMAN,337,340,BM-5A9058
COIN,ROMAN,337,340,BM-5A5878
COIN,ROMAN,337,340,BM-5CB41A
COIN,ROMAN,337,340,BM-5C0E8A
COIN,ROMAN,337,340,BM-5C00FB
COIN,ROMAN,337,340,BM-5BF99F
COIN,ROMAN,337,340,BM-5BF3B5
COIN,ROMAN,337,340,BM-5BEE63
COIN,ROMAN,337,340,BM-5BE85A
COIN,ROMAN,337,340,BM-5BDF7B
COIN,ROMAN,337,340,BM-B93D3D
COIN,ROMAN,337,340,SOM-091AD2
COIN,ROMAN,337,340,BM-8A7981
COIN,ROMAN,337,340,BM-8A5BC4
COIN,ROMAN,337,340,BM-0B5364
COIN,ROMAN,337,340,BM-0B4B63
COIN,ROMAN,337,340,BM-0B4053
COIN,ROMAN,337,340,BM-0B34A2
COIN,ROMAN,337,340,BM-A837A4
COIN,ROMAN,337,341,SOM-02E187
COIN,ROMAN,337,341,WILT-8C1129
COIN,ROMAN,337,341,WILT-8B5EEA
COIN,ROMAN,337,341,WILT-AA3BB7
COIN,ROMAN,337,341,WILT-AA273F
COIN,ROMAN,337,341,WILT-A74E1F
COIN,ROMAN,337,341,WILT-A55701
COIN,ROMAN,337,341,WILT-8911C9
COIN,ROMAN,337,341,WILT-94A335
COIN,ROMAN,337,341,WILT-9428FB
COIN,ROMAN,337,341,WILT-AB3EFC
COIN,ROMAN,337,341,BM-E4D013
COIN,ROMAN,337,341,BM-E4762D
COIN,ROMAN,337,341,BM-E4554A
COIN,ROMAN,337,341,BM-E44AC0
COIN,ROMAN,337,341,BM-E40AB4
COIN,ROMAN,337,341,BM-E3CAB4
COIN,ROMAN,337,341,BM-E3C0B8
COIN,ROMAN,337,341,BM-B94968
COIN,ROMAN,337,341,WILT-BEC391
COIN,ROMAN,337,341,WILT-C9FF64
COIN,ROMAN,337,341,WILT-75BED2
COIN,ROMAN,337,341,SOM-092C31
COIN,ROMAN,337,341,SOM-08FAB5
COIN,ROMAN,337,341,SOM-08EB91
COIN,ROMAN,337,341,WILT-365843
COIN,ROMAN,337,350,BM-5BCCC6
COIN,ROMAN,337,350,BM-5BC7A8
COIN,ROMAN,337,350,BM-5BC154
COIN,ROMAN,337,350,BM-5BBB87
COIN,ROMAN,337,350,BM-5BB355
COIN,ROMAN,337,350,BM-AA1CC1
COIN,ROMAN,340,340,SOM-5313A7
COIN,ROMAN,340,341,WILT-731D36Z
COIN,ROMAN,341,346,WILT-A6DB22
COIN,ROMAN,341,346,WILT-95A8B2
COIN,ROMAN,343,348,WILT-9E1332
COIN,ROMAN,343,348,WILT-8D2121
COIN,ROMAN,343,348,WILT-C62121
COIN,ROMAN,343,348,WILT-A89A88
COIN,ROMAN,343,348,WILT-A73572
COIN,ROMAN,343,348,WILT-A500F5
COIN,ROMAN,343,348,WILT-958F1B
COIN,ROMAN,343,348,WILT-95671B
COIN,ROMAN,343,348,WILT-942E71
COIN,ROMAN,343,348,WILT-925307
COIN,ROMAN,343,348,WILT-902179
COIN,ROMAN,343,348,WILT-8FF5BB
COIN,ROMAN,343,348,WILT-93F578
COIN,ROMAN,343,348,WILT-93E371
COIN,ROMAN,343,348,WILT-FF92D1
COIN,ROMAN,343,348,WILT-75F536
COIN,ROMAN,343,348,WILT-75ECF3
COIN,ROMAN,343,348,WILT-75D190
COIN,ROMAN,343,348,WILT-7456E7
COIN,ROMAN,343,348,WILT-73FF32
COIN,ROMAN,343,348,WILT-73A611
COIN,ROMAN,343,348,WILT-3B0517
COIN,ROMAN,343,348,WILT-3AF0A3
COIN,ROMAN,343,348,WILT-363FD7
COIN,ROMAN,343,348,WILT-901683
COIN,ROMAN,343,348,WILT-8CA3D5
COIN,ROMAN,343,348,WILT-8C9716
COIN,ROMAN,343,348,WILT-8C8465
COIN,ROMAN,343,402,SOM-518164
COIN,ROMAN,346,350,SOM-59DF46
COIN,ROMAN,346,350,BM-57319A
COIN,ROMAN,346,350,BM-57278B
COIN,ROMAN,347,340,BM-B6331D
COIN,ROMAN,347,348,BM-55BC60
COIN,ROMAN,347,348,BM-55B376
COIN,ROMAN,347,348,BM-55918C
COIN,ROMAN,347,348,BM-558AD4
COIN,ROMAN,347,348,BM-55804E
COIN,ROMAN,347,348,BM-5577F6
COIN,ROMAN,347,348,BM-5567F8
COIN,ROMAN,347,348,BM-555857
COIN,ROMAN,347,348,BM-5C8E18
COIN,ROMAN,347,348,BM-5C7909
COIN,ROMAN,347,348,BM-5C6EA8
COIN,ROMAN,347,348,BM-5C5B91
COIN,ROMAN,347,348,BM-5C54B7
COIN,ROMAN,347,348,BM-5C4CEB
COIN,ROMAN,347,348,BM-5C41B8
COIN,ROMAN,347,348,BM-5C3976
COIN,ROMAN,347,348,BM-5C31BA
COIN,ROMAN,347,348,BM-5C2563
COIN,ROMAN,347,348,BM-BB25FA
COIN,ROMAN,347,348,BM-BA5646
COIN,ROMAN,347,348,BM-7C32DF
COIN,ROMAN,347,348,BM-7C24A7
COIN,ROMAN,347,348,BM-7C17CA
COIN,ROMAN,347,348,BM-7C1263
COIN,ROMAN,347,348,BM-7C0A2F
COIN,ROMAN,347,348,BM-7BF8DE
COIN,ROMAN,347,348,BM-7BE2E5
COIN,ROMAN,347,348,BM-7BD08C
COIN,ROMAN,347,348,WILT-CAB0C9
COIN,ROMAN,347,348,WILT-C990D2
COIN,ROMAN,347,348,SOM-07A9E6
COIN,ROMAN,347,348,BM-571004
COIN,ROMAN,347,348,BM-4DABA1
COIN,ROMAN,347,348,BM-93DB59
COIN,ROMAN,347,348,BM-8BB3BB
COIN,ROMAN,347,348,BM-8BA8CD
COIN,ROMAN,347,348,BM-8AFF63
COIN,ROMAN,347,348,BM-8AF232
COIN,ROMAN,347,348,BM-AAB607
COIN,ROMAN,347,348,BM-AAA363
COIN,ROMAN,347,348,SOM-050ED7
COIN,ROMAN,348,350,SOM-030A57
COIN,ROMAN,348,350,WILT-28F18D
COIN,ROMAN,348,350,WILT-831611
COIN,ROMAN,348,350,WILT-00C0C5
COIN,ROMAN,348,350,BM-5DBF82
COIN,ROMAN,348,350,BM-5CC681
COIN,ROMAN,348,350,WILT-133507
COIN,ROMAN,348,350,WILT-1327F1
COIN,ROMAN,348,350,WILT-131EF5
COIN,ROMAN,348,350,WILT-12B685
COIN,ROMAN,348,351,BM-B8EE4D
COIN,ROMAN,348,351,BM-4DA1DF
COIN,ROMAN,348,351,BM-8A0F16
COIN,ROMAN,348,351,BM-AAC8D5
COIN,ROMAN,350,350,SOM-48ECF0
COIN,ROMAN,350,351,BM-5D7702
COIN,ROMAN,350,351,BM-0B91E3
COIN,ROMAN,350,352,BM-8A278D
COIN,ROMAN,350,353,WILT-92344E
COIN,ROMAN,350,353,WILT-943F5F
COIN,ROMAN,350,353,WILT-00348A
COIN,ROMAN,350,353,SOM-6DA52E
COIN,ROMAN,350,353,SOM-5B3275
COIN,ROMAN,350,353,WILT-8F7D54
COIN,ROMAN,350,353,WILT-8F63B4
COIN,ROMAN,350,353,WILT-8EE2F0
BUCKLE,ROMAN,350,450,WILT-3CCF2A
MOUNT,ROMAN,350,450,PUBLIC-1078B1
BUCKLE,ROMAN,350,700,SOM-557213
COIN,ROMAN,351,353,BM-9BD16A
COIN,ROMAN,351,353,BM-9BBD36
COIN,ROMAN,351,353,BM-B9B151
COIN,ROMAN,351,353,BM-B99759
COIN,ROMAN,351,353,BM-B98A22
COIN,ROMAN,351,353,BM-B97FEB
COIN,ROMAN,351,353,BM-820461
COIN,ROMAN,351,353,BM-6C3D12
COIN,ROMAN,351,353,BM-56F608
COIN,ROMAN,351,353,BM-4DBB89
COIN,ROMAN,351,353,BM-0BE463
COIN,ROMAN,351,353,BM-7F247B
COIN,ROMAN,351,353,BM-AADB99
COIN,ROMAN,352,353,BM-0BACCB
COIN,ROMAN,353,361,WILT-2A095C
COIN,ROMAN,353,361,WILT-29FF86
COIN,ROMAN,353,361,WILT-8A1ADD
COIN,ROMAN,353,361,WILT-A907EB
COIN,ROMAN,353,361,WILT-82F09E
COIN,ROMAN,353,361,WILT-82EB1C
COIN,ROMAN,353,361,WILT-82E778
COIN,ROMAN,353,361,WILT-82E27D
COIN,ROMAN,353,361,WILT-82DACA
COIN,ROMAN,353,361,WILT-AD2407
COIN,ROMAN,353,361,WILT-747263
COIN,ROMAN,353,361,WILT-746873
COIN,ROMAN,353,361,WILT-131531
COIN,ROMAN,353,361,WILT-130B77Z
COIN,ROMAN,353,361,WILT-130078
COIN,ROMAN,353,361,WILT-8DBA82
COIN,ROMAN,354,361,WILT-9D9CA7
COIN,ROMAN,354,361,WILT-9D55D7
COIN,ROMAN,354,361,WILT-C66B38
COIN,ROMAN,354,361,WILT-C6546D
COIN,ROMAN,354,361,WILT-905635
COIN,ROMAN,355,361,BM-BA6844
COIN,ROMAN,355,361,BM-B6AB58
COIN,ROMAN,355,361,BM-B6A161
COIN,ROMAN,355,361,BM-B693AA
COIN,ROMAN,355,361,WILT-7482D6
COIN,ROMAN,355,361,SOM-084855
COIN,ROMAN,355,361,BM-81F651
COIN,ROMAN,355,361,BM-6C7A4A
COIN,ROMAN,355,361,BM-034578
COIN,ROMAN,355,361,BM-033CFC
COIN,ROMAN,355,361,BM-0331E2
COIN,ROMAN,355,361,BM-032A63
COIN,ROMAN,355,361,BM-0323AF
COIN,ROMAN,355,361,BM-031431
COIN,ROMAN,355,361,BM-030B34
COIN,ROMAN,355,361,BM-FFC9B9
COIN,ROMAN,355,361,BM-FFB5A2
COIN,ROMAN,355,361,BM-FFAC41
COIN,ROMAN,355,361,BM-FFA699
COIN,ROMAN,355,361,BM-FF997D
COIN,ROMAN,355,361,BM-4E3EB5
COIN,ROMAN,355,361,BM-4E34D4
COIN,ROMAN,355,361,BM-9764E5
COIN,ROMAN,355,361,BM-9401FA
COIN,ROMAN,355,361,BM-93E802
COIN,ROMAN,355,361,BM-8BD10C
COIN,ROMAN,355,361,BM-8BC7C7
COIN,ROMAN,355,361,BM-FEE948
COIN,ROMAN,355,361,BM-AC3E78
COIN,ROMAN,355,361,BM-AB037C
COIN,ROMAN,355,361,BM-AAF137
COIN,ROMAN,355,361,BM-AAE8D3
COIN,ROMAN,355,363,WILT-712E1E
COIN,ROMAN,355,402,SOM-0956A4
COIN,ROMAN,360,385,SOM-044502
COIN,ROMAN,361,363,WILT-F2A257
COIN,ROMAN,364,367,WILT-A576F4
COIN,ROMAN,364,367,WILT-71A33D
COIN,ROMAN,364,367,WILT-768AF1
COIN,ROMAN,364,367,BM-9A9E44
COIN,ROMAN,364,367,BM-CC12AF
COIN,ROMAN,364,367,BM-B72979
COIN,ROMAN,364,367,BM-B6FE8E
COIN,ROMAN,364,375,WILT-CD806D
COIN,ROMAN,364,375,WILT-3F4925
COIN,ROMAN,364,375,BM-B79EDD
COIN,ROMAN,364,375,BM-B77955
COIN,ROMAN,364,375,BM-B7163F
COIN,ROMAN,364,375,BM-57E91E
COIN,ROMAN,364,375,BM-5772AB
COIN,ROMAN,364,375,BM-4C074D
COIN,ROMAN,364,375,BM-4BF0B6
COIN,ROMAN,364,375,BM-6EDD5E
COIN,ROMAN,364,375,BM-6ED45D
COIN,ROMAN,364,375,BM-6C6792
COIN,ROMAN,364,375,BM-6C3C23
COIN,ROMAN,364,375,BM-6C341B
COIN,ROMAN,364,375,BM-6AEC83
COIN,ROMAN,364,375,BM-AB512D
COIN,ROMAN,364,375,SOM-060E15
COIN,ROMAN,364,378,SOM-023ED4
COIN,ROMAN,364,378,WILT-2A1B85
COIN,ROMAN,364,378,WILT-29455F
COIN,ROMAN,364,378,WILT-293ABA
COIN,ROMAN,364,378,WILT-289B55
COIN,ROMAN,364,378,WILT-288C86
COIN,ROMAN,364,378,WILT-28857B
COIN,ROMAN,364,378,WILT-287F76
COIN,ROMAN,364,378,WILT-2876A1
COIN,ROMAN,364,378,WILT-2865AC
COIN,ROMAN,364,378,WILT-282674
COIN,ROMAN,364,378,WILT-281E52
COIN,ROMAN,364,378,WILT-281501
COIN,ROMAN,364,378,WILT-280D0C
COIN,ROMAN,364,378,WILT-27FF03
COIN,ROMAN,364,378,WILT-27F135
COIN,ROMAN,364,378,WILT-27E91E
COIN,ROMAN,364,378,WILT-27E30E
COIN,ROMAN,364,378,WILT-27D9B8
COIN,ROMAN,364,378,WILT-27D52F
COIN,ROMAN,364,378,WILT-27D038
COIN,ROMAN,364,378,WILT-27C7D8
COIN,ROMAN,364,378,WILT-27C14E
COIN,ROMAN,364,378,WILT-27AC2E
COIN,ROMAN,364,378,WILT-8B133A
COIN,ROMAN,364,378,WILT-7206E3
COIN,ROMAN,364,378,WILT-BEC51E
COIN,ROMAN,364,378,WILT-93EA21
COIN,ROMAN,364,378,WILT-9272BE
COIN,ROMAN,364,378,WILT-90430D
COIN,ROMAN,364,378,WILT-2C2FD6
COIN,ROMAN,364,378,WILT-82973D
COIN,ROMAN,364,378,WILT-8291FD
COIN,ROMAN,364,378,WILT-828C2B
COIN,ROMAN,364,378,WILT-82857D
COIN,ROMAN,364,378,WILT-827F2D
COIN,ROMAN,364,378,WILT-827A01
COIN,ROMAN,364,378,WILT-8275AF
COIN,ROMAN,364,378,WILT-8270E6
COIN,ROMAN,364,378,WILT-826C0C
COIN,ROMAN,364,378,WILT-82651E
COIN,ROMAN,364,378,WILT-924DC0
COIN,ROMAN,364,378,WILT-91EA97
COIN,ROMAN,364,378,WILT-91C72B
COIN,ROMAN,364,378,WILT-010761
COIN,ROMAN,364,378,WILT-FFAA4E
COIN,ROMAN,364,378,WILT-FF5409
COIN,ROMAN,364,378,WILT-ACAB36
COIN,ROMAN,364,378,WILT-ABFCA8
COIN,ROMAN,364,378,WILT-3F30F7
COIN,ROMAN,364,378,BM-CB05A4
COIN,ROMAN,364,378,BM-BB622F
COIN,ROMAN,364,378,BM-BB33E6
COIN,ROMAN,364,378,BM-BA8D08
COIN,ROMAN,364,378,BM-B7ABEA
COIN,ROMAN,364,378,BM-B7926E
COIN,ROMAN,364,378,BM-B752C0
COIN,ROMAN,364,378,BM-B745C4
COIN,ROMAN,364,378,WILT-762D60
COIN,ROMAN,364,378,WILT-762277
COIN,ROMAN,364,378,WILT-7615A3
COIN,ROMAN,364,378,WILT-760091
COIN,ROMAN,364,378,WILT-74F585
COIN,ROMAN,364,378,WILT-74B414
COIN,ROMAN,364,378,WILT-74A456
COIN,ROMAN,364,378,WILT-12F5C6
COIN,ROMAN,364,378,WILT-C3EB77
COIN,ROMAN,364,378,WILT-C3CED5
COIN,ROMAN,364,378,WILT-C3A964
COIN,ROMAN,364,378,SOM-08C352
COIN,ROMAN,364,378,SOM-089243
COIN,ROMAN,364,378,SOM-087252
COIN,ROMAN,364,378,BM-8211AD
COIN,ROMAN,364,378,BM-6978BC
COIN,ROMAN,364,378,BM-579B6E
COIN,ROMAN,364,378,BM-5791D2
COIN,ROMAN,364,378,BM-575EEC
COIN,ROMAN,364,378,BM-5756EC
COIN,ROMAN,364,378,BM-57499F
COIN,ROMAN,364,378,BM-4DE138
COIN,ROMAN,364,378,BM-4C34C2
COIN,ROMAN,364,378,BM-4C24B4
COIN,ROMAN,364,378,BM-4BC9FB
COIN,ROMAN,364,378,WILT-368434
COIN,ROMAN,364,378,BM-977B3A
COIN,ROMAN,364,378,BM-977121
COIN,ROMAN,364,378,BM-6EE892
COIN,ROMAN,364,378,BM-6ECCA5
COIN,ROMAN,364,378,BM-6EC3E8
COIN,ROMAN,364,378,BM-6EBCC4
COIN,ROMAN,364,378,BM-6D318C
COIN,ROMAN,364,378,BM-6C4C3B
COIN,ROMAN,364,378,BM-6C299C
COIN,ROMAN,364,378,WILT-3FFF45
COIN,ROMAN,364,378,WILT-3FD912
COIN,ROMAN,364,378,WILT-3FAA80
COIN,ROMAN,364,378,BM-ABE032
COIN,ROMAN,364,378,BM-ABD5C6
COIN,ROMAN,364,378,BM-ABCCE2
COIN,ROMAN,364,378,BM-ABC6C6
COIN,ROMAN,364,378,BM-AB84A0
COIN,ROMAN,364,378,BM-AB7C2D
COIN,ROMAN,364,378,BM-AB76D1
COIN,ROMAN,364,378,BM-AB7078
COIN,ROMAN,364,378,BM-AB65A4
COIN,ROMAN,364,378,WILT-A0D253
COIN,ROMAN,364,378,SOM-03DF48
COIN,ROMAN,364,378,SOM-03D133
COIN,ROMAN,364,378,SOM-03B7B3
COIN,ROMAN,367,375,WILT-3F6CF5
COIN,ROMAN,367,375,SOM-53C6A5
COIN,ROMAN,367,375,SOM-6D5DD0
COIN,ROMAN,367,375,BM-B7C0B9
COIN,ROMAN,367,375,SOM-0938C3
COIN,ROMAN,367,375,BM-57F6F8
COIN,ROMAN,367,375,BM-57DBE4
COIN,ROMAN,367,375,BM-57C3D4
COIN,ROMAN,367,375,BM-576A6A
COIN,ROMAN,367,375,BM-4EAB26
COIN,ROMAN,367,375,BM-832366
COIN,ROMAN,367,375,BM-831807
COIN,ROMAN,367,375,BM-831017
COIN,ROMAN,367,375,BM-8301A8
COIN,ROMAN,367,375,BM-ABAF93
COIN,ROMAN,367,375,BM-AB2A52
COIN,ROMAN,367,375,BM-AB2181
COIN,ROMAN,367,375,BM-AB1905
COIN,ROMAN,367,378,SOM-02CD32
COIN,ROMAN,367,378,WILT-29967C
COIN,ROMAN,367,378,WILT-298B5D
COIN,ROMAN,367,378,WILT-28E811
COIN,ROMAN,367,378,WILT-28DDAB
COIN,ROMAN,367,378,WILT-74EB25
COIN,ROMAN,367,378,WILT-74DD44
COIN,ROMAN,367,378,BM-4BBA47
COIN,ROMAN,375,392,BM-83E11D
COIN,ROMAN,378,388,BM-4E5536
COIN,ROMAN,378,388,WILT-A5C085
COIN,ROMAN,378,402,BM-6AE2EC
COIN,ROMAN,378,402,BM-4EB782
COIN,ROMAN,378,402,BM-83F5F4
COIN,ROMAN,379,383,SOM-051DF3
COIN,ROMAN,379,402,WILT-71EC65
COIN,ROMAN,387,388,BM-B9ED05
COIN,ROMAN,387,388,BM-B9E0E2
COIN,ROMAN,387,388,BM-6AD272
COIN HOARD,ROMAN,387,388,WILT-DD7285
COIN,ROMAN,388,392,BM-BA426A
COIN,ROMAN,388,392,BM-BA0993
COIN,ROMAN,388,392,BM-6B02CB
COIN,ROMAN,388,392,BM-83B5EC
COIN,ROMAN,388,395,BM-BA1F34
COIN,ROMAN,388,395,WILT-7514B8
COIN,ROMAN,388,395,BM-6B0D54
COIN,ROMAN,388,395,BM-6AF2AE
COIN,ROMAN,388,395,BM-83C0D7
COIN,ROMAN,388,395,BM-83A2F5
COIN,ROMAN,388,395,BM-839815
COIN,ROMAN,388,395,SOM-05E905
COIN,ROMAN,388,395,SOM-05CD48
COIN,ROMAN,388,402,SOM-032D55
COIN,ROMAN,388,402,WILT-29F3BA
COIN,ROMAN,388,402,WILT-8D61CD
COIN,ROMAN,388,402,WILT-71C4E7
COIN,ROMAN,388,402,WILT-BE9D2E
COIN,ROMAN,388,402,WILT-A95C0E
COIN,ROMAN,388,402,WILT-945F47
COIN,ROMAN,388,402,BM-BB4873
COIN,ROMAN,388,402,BM-BA34D0
COIN,ROMAN,388,402,WILT-763701
COIN,ROMAN,388,402,WILT-12D252
COIN,ROMAN,388,402,WILT-12C663
COIN,ROMAN,388,402,BM-6ADC2E
COIN,ROMAN,388,402,BM-4E9D9D
COIN,ROMAN,388,402,BM-4E93BE
COIN,ROMAN,388,402,BM-838C7F
COIN,ROMAN,388,402,BM-ABF318
COIN,ROMAN,392,394,WILT-7652B3
COIN,ROMAN,395,408,WILT-100492
BROOCH,IRON AGE,400,200,WILT-89BBAC
BUCKLE,EARLY MEDIEVAL,400,720,WILT-7AB136
PIN,EARLY MEDIEVAL,400,720,WILT-B7E3D7
BUCKLE,EARLY MEDIEVAL,400,720,WILT-BFDF38
BUCKLE,EARLY MEDIEVAL,400,720,WILT-BEED93
BUCKLE,EARLY MEDIEVAL,400,720,WILT-BF5525
BUCKLE,EARLY MEDIEVAL,410,720,WILT-1DD403
SPANGLE,EARLY MEDIEVAL,410,1066,WILT-B5EAA5
BELL,EARLY MEDIEVAL,410,1066,WILT-99FB4B
BROOCH,EARLY MEDIEVAL,450,570,WILT-BD7517
SCABBARD,EARLY MEDIEVAL,500,700,WILT-4008EB
BRACTEATE,EARLY MEDIEVAL,500,700,WILT-938D13
HOOKED TAG,EARLY MEDIEVAL,600,1150,WILT-3E7E57
HOOKED TAG,EARLY MEDIEVAL,600,1150,WILT-3E32E2
HOOKED TAG,EARLY MEDIEVAL,600,1150,WILT-C82965
HOOKED TAG,EARLY MEDIEVAL,600,1150,WILT-C90750
HOOKED TAG,EARLY MEDIEVAL,600,1150,WILT-C7A392
HOOKED TAG,EARLY MEDIEVAL,600,1150,WILT-C89BC8
HOOKED TAG,EARLY MEDIEVAL,600,1150,WILT-C86616
HOOKED TAG,EARLY MEDIEVAL,600,1200,WILT-00B509
SCABBARD,EARLY MEDIEVAL,601,700,WILT-9195E0
COIN,EARLY MEDIEVAL,700,710,SOM-0255E3
BROOCH,EARLY MEDIEVAL,700,900,SOM-2F047C
PIN,EARLY MEDIEVAL,700,920,WILT-3F2C06
HOOKED TAG,EARLY MEDIEVAL,700,1066,WILT-7611E2
COIN,EARLY MEDIEVAL,720,745,WILT-B56771
PIN,EARLY MEDIEVAL,720,900,WILT-FFA8DB
PIN,EARLY MEDIEVAL,720,900,WILT-FF8E89
PIN,EARLY MEDIEVAL,720,900,WILT-00464E
PIN,EARLY MEDIEVAL,720,1700,WILT-FFDC5A
PIN,EARLY MEDIEVAL,720,1700,WILT-002AA9
PIN,EARLY MEDIEVAL,720,1700,WILT-FFFFEB
PIN,EARLY MEDIEVAL,720,1700,WILT-FF6738
STRAP END,EARLY MEDIEVAL,750,1000,WILT-858B74
STRAP END,EARLY MEDIEVAL,750,1100,WILT-83DDDC
STRAP END,EARLY MEDIEVAL,750,1100,WILT-7AC4CE
STRAP END,EARLY MEDIEVAL,750,1100,WILT-843BB2
STRAP END,EARLY MEDIEVAL,750,1100,WILT-AA6691
STRAP END,EARLY MEDIEVAL,750,1100,WILT-83593B
SCABBARD,EARLY MEDIEVAL,775,925,SOM-01EEB7
PIN,EARLY MEDIEVAL,800,870,WILT-019B91
STRAP END,EARLY MEDIEVAL,800,925,WILT-7B1037
HOOKED TAG,EARLY MEDIEVAL,800,1000,WILT-764F80
HOOKED TAG,EARLY MEDIEVAL,800,1100,WILT-3BBB2C
STRAP END,EARLY MEDIEVAL,800,1100,WILT-4AE713
HOOKED TAG,EARLY MEDIEVAL,800,1300,WILT-75B124
HOOKED TAG,EARLY MEDIEVAL,850,1150,WILT-417FF5
BUCKLE,EARLY MEDIEVAL,900,1000,WILT-ABB86B
MOUNT,EARLY MEDIEVAL,900,1100,WILT-26D171
COIN,EARLY MEDIEVAL,946,955,SOM-4B1C8A
BROOCH,EARLY MEDIEVAL,975,1025,WILT-237DC1
HARNESS FITTING,EARLY MEDIEVAL,1000,1000,PUBLIC-6F32DE
STIRRUP,EARLY MEDIEVAL,1000,1100,WILT-DC25A0
HARNESS FITTING,EARLY MEDIEVAL,1000,1100,WILT-1C1AAB
VESSEL,MEDIEVAL,1000,1500,WILT-01E5D5
STIRRUP,EARLY MEDIEVAL,1050,1100,WILT-96DC29
SCABBARD,MEDIEVAL,1050,1200,WILT-40FFD4
STRAP FITTING,EARLY MEDIEVAL,1050,1200,WILT-40DCF9
SCABBARD,MEDIEVAL,1050,1250,WILT-D53B05
MOUNT,MEDIEVAL,1066,1500,WILT-932C15
MOUNT,MEDIEVAL,1066,1500,WILT-929811
PENDANT,MEDIEVAL,1066,1500,WILT-DA6498
VESSEL,MEDIEVAL,1066,1539,WILT-77FE87
FINGER RING,MEDIEVAL,1066,1539,WILT-2C75F1
BUTTON,MEDIEVAL,1066,1539,WILT-90C380
BUTTON,MEDIEVAL,1066,1539,WILT-9087E3
FURNITURE FITTING,MEDIEVAL,1066,1539,WILT-971B41
BUCKLE,MEDIEVAL,1066,1539,WILT-DB4F11
MOUNT,MEDIEVAL,1066,1539,WILT-A1CA34
STRAP FITTING,MEDIEVAL,1066,1539,WILT-432A00
STRAP FITTING,MEDIEVAL,1066,1539,WILT-42C745
BUCKLE,MEDIEVAL,1066,1539,WILT-2DBE76
BUCKLE,MEDIEVAL,1066,1539,WILT-04BA93
BUCKLE,MEDIEVAL,1066,1539,WILT-03B263
BOOK FITTING,MEDIEVAL,1066,1539,WILT-B4C3B6
BROOCH,MEDIEVAL,1066,1539,WILT-9D9F65
BROOCH,MEDIEVAL,1066,1539,WILT-9C9942
MOUNT,MEDIEVAL,1066,1539,WILT-B53123
KEY (LOCKING),MEDIEVAL,1066,1539,WILT-B50EB7
STRAP FITTING,MEDIEVAL,1066,1539,WILT-B4F191
STRAP FITTING,MEDIEVAL,1066,1539,WILT-B4CAB1
STRAP FITTING,MEDIEVAL,1066,1539,WILT-B43195
BUCKLE,MEDIEVAL,1066,1539,WILT-B382F3
CHAPE,MEDIEVAL,1066,1539,NMGW-9C1926
BUCKLE,MEDIEVAL,1066,1539,PUBLIC-8F6963
UNIDENTIFIED OBJECT,MEDIEVAL,1066,1700,WILT-67E2D2
MOUNT,MEDIEVAL,1100,1200,WILT-00FC16
BUCKLE,MEDIEVAL,1100,1250,PUBLIC-A26AD8
KNIFE,MEDIEVAL,1100,1400,WILT-581BF6
BUCKLE,MEDIEVAL,1100,1400,WILT-054A15
STRAP END,MEDIEVAL,1100,1450,WILT-BCFDE3
VESSEL,MEDIEVAL,1100,1500,SOM-2E6743
BUCKLE,MEDIEVAL,1100,1500,WILT-40821B
KNIFE,MEDIEVAL,1100,1500,WILT-1B1723
MOUNT,MEDIEVAL,1100,1500,WILT-B0466C
STRAP END,MEDIEVAL,1100,1500,WILT-41E801
ANNULAR BROOCH,MEDIEVAL,1100,1500,WILT-14E07A
CRUCIFIX,MEDIEVAL,1100,1600,WILT-8A17A9
PRICK SPUR,UNKNOWN,1100,1700,WILT-72A674
BUCKLE,MEDIEVAL,1101,1200,WILT-CB7015
BUCKLE,MEDIEVAL,1101,1400,WILT-DA0328
BROOCH,MEDIEVAL,1101,1400,WILT-DA0704
STRAP FITTING,MEDIEVAL,1101,1400,WILT-C976E1
STRAP FITTING,MEDIEVAL,1101,1400,WILT-C93892
STRAP FITTING,MEDIEVAL,1101,1400,WILT-C92052
BUCKLE,MEDIEVAL,1101,1400,WILT-C8A064
BUCKLE,MEDIEVAL,1101,1400,WILT-B94FC7
BUCKLE,MEDIEVAL,1101,1400,WILT-B8F856
BUCKLE,MEDIEVAL,1101,1400,WILT-B80922
BUCKLE,MEDIEVAL,1101,1400,WILT-B7FAE7
STRAP FITTING,MEDIEVAL,1101,1400,WILT-78EC64
STRAP FITTING,MEDIEVAL,1101,1400,WILT-D0D007
STRAP FITTING,MEDIEVAL,1101,1400,WILT-DDA706
MOUNT,MEDIEVAL,1101,1400,WILT-DD89D7
STRAP FITTING,MEDIEVAL,1101,1400,WILT-DD6E93
BUTTON,MEDIEVAL,1101,1400,WILT-DD5A45
STRAP FITTING,MEDIEVAL,1101,1400,WILT-DD21C7
STRAP FITTING,MEDIEVAL,1101,1400,WILT-DD1196
STRAP FITTING,MEDIEVAL,1101,1400,WILT-DCC753
BUCKLE,MEDIEVAL,1101,1400,WILT-DC01F2
BUCKLE,MEDIEVAL,1101,1400,WILT-DBD890
BUCKLE,MEDIEVAL,1101,1400,WILT-D9B632
BUCKLE,MEDIEVAL,1101,1400,WILT-D99958
BUCKLE,MEDIEVAL,1101,1400,WILT-D94EA6
KEY (LOCKING),MEDIEVAL,1101,1400,WILT-CB3B81
KEY (LOCKING),MEDIEVAL,1101,1400,WILT-CAF2F5
STRAP FITTING,MEDIEVAL,1101,1400,WILT-A67F65
STRAP FITTING,MEDIEVAL,1101,1400,WILT-A66533
MOUNT,MEDIEVAL,1101,1400,WILT-A63CB6
MOUNT,MEDIEVAL,1101,1400,WILT-A63052
MOUNT,MEDIEVAL,1101,1400,WILT-A62103
MOUNT,MEDIEVAL,1101,1400,WILT-A60D24
STRAP FITTING,MEDIEVAL,1101,1400,WILT-A5B982
MOUNT,MEDIEVAL,1101,1400,WILT-A50F04
MOUNT,MEDIEVAL,1101,1400,WILT-A4AF04
BUCKLE,MEDIEVAL,1101,1400,WILT-91DA45
BUCKLE,MEDIEVAL,1101,1400,WILT-91A808
BUCKLE,MEDIEVAL,1101,1400,WILT-90A4E6
BUCKLE,MEDIEVAL,1101,1400,WILT-9043E7
STRAP FITTING,MEDIEVAL,1101,1400,WILT-8FDA85
KEY (LOCKING),MEDIEVAL,1101,1400,WILT-8F2535
STRAP FITTING,MEDIEVAL,1101,1400,WILT-7DD3B2
BUCKLE,MEDIEVAL,1101,1400,WILT-7DA652
BUCKLE,MEDIEVAL,1101,1400,WILT-7D7D50
STRAP FITTING,MEDIEVAL,1101,1400,WILT-7D4EF3
BUCKLE,MEDIEVAL,1101,1400,WILT-C80706
BUCKLE,MEDIEVAL,1101,1400,WILT-C7B0E5
BUCKLE,MEDIEVAL,1101,1400,WILT-C73702
BUCKLE,MEDIEVAL,1101,1400,WILT-C6A5A2
BUCKLE,MEDIEVAL,1101,1400,WILT-C3F300
BUCKLE,MEDIEVAL,1101,1400,WILT-C3C1E4
BUCKLE,MEDIEVAL,1101,1400,WILT-C35308
STRAP FITTING,MEDIEVAL,1101,1400,WILT-A69267
COIN,MEDIEVAL,1107,1107,WILT-B208C1
BUCKLE,MEDIEVAL,1150,1200,WILT-6DEA43
BUCKLE,MEDIEVAL,1150,1250,WILT-DC6194
HARNESS PENDANT,MEDIEVAL,1150,1350,WILT-93B346
KEY (LOCKING),MEDIEVAL,1150,1350,WILT-AFAB3B
KEY (LOCKING),MEDIEVAL,1150,1350,WILT-1965AF
BUCKLE,MEDIEVAL,1150,1350,WILT-6E4C63
STRAP FITTING,MEDIEVAL,1150,1400,WILT-25D235
STRAP FITTING,MEDIEVAL,1150,1400,WILT-269482
KEY (LOCKING),MEDIEVAL,1150,1400,PUBLIC-A87B9E
STRAP FITTING,MEDIEVAL,1150,1400,WILT-265CD1
STRAP END,MEDIEVAL,1150,1450,SOM-564945
STRAP END,MEDIEVAL,1150,1450,WILT-BE39A2
STRAP END,MEDIEVAL,1150,1450,WILT-BE630D
BUCKLE,MEDIEVAL,1150,1500,WILT-274011
UNIDENTIFIED OBJECT,MEDIEVAL,1150,1500,WILT-4EA271
MOUNT,MEDIEVAL,1150,1500,WILT-4CF772
COIN,MEDIEVAL,1158,1180,WILT-27B541
COIN,MEDIEVAL,1158,1180,WILT-924F26
COIN,MEDIEVAL,1158,1180,WILT-27D361
COIN,MEDIEVAL,1170,1180,WILT-791329
MOUNT,MEDIEVAL,1175,1350,WILT-CE97F3
CRUCIFIX,MEDIEVAL,1180,1220,WILT-3D303B
COIN,MEDIEVAL,1180,1242,WILT-DF1776
COIN,MEDIEVAL,1180,1247,WILT-7CA868
COIN,MEDIEVAL,1180,1247,WILT-7C7B9B
COIN,MEDIEVAL,1180,1247,WILT-7C1CDC
COIN,MEDIEVAL,1180,1247,WILT-E15764
COIN,MEDIEVAL,1180,1247,WILT-A5FCB4
COIN,MEDIEVAL,1192,1194,WILT-27E348
COIN,MEDIEVAL,1194,1200,WILT-7B2180
COIN,MEDIEVAL,1194,1205,WILT-91FB87
COIN,MEDIEVAL,1195,1205,WILT-70D50A
BROOCH,MEDIEVAL,1200,1250,WILT-207034
HARNESS PENDANT,MEDIEVAL,1200,1260,WILT-1ED6E5
BROOCH,MEDIEVAL,1200,1300,SOM-4A5B97
BROOCH,MEDIEVAL,1200,1300,WILT-B14B7F
BUCKLE,MEDIEVAL,1200,1350,WILT-D02F20
BROOCH,MEDIEVAL,1200,1400,WILT-D00453
BROOCH,MEDIEVAL,1200,1400,WILT-C8E02D
BROOCH,MEDIEVAL,1200,1400,WILT-EB30A1
HARNESS PENDANT,MEDIEVAL,1200,1400,PUBLIC-DDFE26
ANNULAR BROOCH,MEDIEVAL,1200,1400,WILT-1CE410
STRAP FITTING,MEDIEVAL,1200,1400,WILT-357FF1
STRAP FITTING,MEDIEVAL,1200,1400,WILT-356322
STRAP FITTING,MEDIEVAL,1200,1400,WILT-354E13
STRAP FITTING,MEDIEVAL,1200,1400,WILT-350260
MOUNT,MEDIEVAL,1200,1400,WILT-CFBEC4
STRAP END,MEDIEVAL,1200,1400,WILT-D0B6E8
STRAP END,MEDIEVAL,1200,1450,WILT-BCE91A
BUCKLE,MEDIEVAL,1200,1500,DOR-183AD4
BOOK FITTING,MEDIEVAL,1200,1500,WILT-1C15C6
UNIDENTIFIED OBJECT,MEDIEVAL,1200,1500,WILT-87E3C7
STRAP FITTING,MEDIEVAL,1200,1500,WILT-3C4913
BUCKLE,MEDIEVAL,1200,1500,WILT-092C86
MOUNT,MEDIEVAL,1200,1500,WILT-3AE113
STRAP END,MEDIEVAL,1200,1500,WILT-B97F71
STRAP END,MEDIEVAL,1200,1500,WILT-B957A2
PURSE,MEDIEVAL,1201,1300,WILT-A5CCE4
COIN,MEDIEVAL,1204,1205,WILT-E105F1
COIN,MEDIEVAL,1204,1205,WILT-E0D883
COIN,MEDIEVAL,1204,1218,WILT-0F99D1
COIN,MEDIEVAL,1205,1210,WILT-E19475
COIN,MEDIEVAL,1205,1210,WILT-27F561
COIN,MEDIEVAL,1207,1210,WILT-7BDABF
COIN,MEDIEVAL,1207,1222,WILT-DF6779
COIN,MEDIEVAL,1208,1217,SOM-2D9093
COIN,MEDIEVAL,1210,1242,WILT-A68B25
COIN,MEDIEVAL,1210,1242,WILT-A62FD8
COIN,MEDIEVAL,1217,1222,SOM-827B91
COIN,MEDIEVAL,1217,1242,WILT-796B07
COIN,MEDIEVAL,1217,1242,WILT-712D13
COIN,MEDIEVAL,1247,1248,WILT-22EE34
COIN,MEDIEVAL,1247,1250,WILT-7D21F5
COIN,MEDIEVAL,1247,1272,WILT-A6CA07
COIN,MEDIEVAL,1247,1272,WILT-A6B013
COIN,MEDIEVAL,1247,1272,WILT-B58D43
COIN,MEDIEVAL,1247,1272,WILT-A6E335
COIN,MEDIEVAL,1248,1248,WILT-22189C
COIN,MEDIEVAL,1248,1250,WILT-688973
COIN,MEDIEVAL,1248,1250,WILT-23123C
COIN,MEDIEVAL,1248,1250,WILT-2298A8
COIN,MEDIEVAL,1248,1250,SOM-81F4D4
COIN,MEDIEVAL,1248,1250,SOM-817D40
COIN,MEDIEVAL,1248,1250,WILT-8F6FC1
COIN,MEDIEVAL,1248,1250,WILT-8F2890
COIN,MEDIEVAL,1248,1250,WILT-8E89A0
COIN,MEDIEVAL,1248,1250,WILT-A70795
COIN,MEDIEVAL,1248,1250,WILT-2805A6
COIN,MEDIEVAL,1248,1250,WILT-8F9D22
COIN,MEDIEVAL,1248,1250,WILT-A724E6
COIN,MEDIEVAL,1248,1250,WILT-918D77
COIN,MEDIEVAL,1248,1272,WILT-A743C0
COIN,MEDIEVAL,1248,1272,WILT-B5C793
COIN,MEDIEVAL,1250,1256,WILT-22CC48
COIN,MEDIEVAL,1250,1256,SOM-81BD96
COIN,MEDIEVAL,1250,1256,WILT-8FE3E5
COIN,MEDIEVAL,1250,1256,WILT-CC6046
COIN,MEDIEVAL,1250,1265,WILT-8ED463
COIN,MEDIEVAL,1250,1265,WILT-914A61
COIN,MEDIEVAL,1250,1275,WILT-8E20F2
BUCKLE,MEDIEVAL,1250,1350,PUBLIC-A4F489
BUCKLE,MEDIEVAL,1250,1400,SOM-580261
BUCKLE,MEDIEVAL,1250,1400,PUBLIC-FA314C
BUCKLE,MEDIEVAL,1250,1400,WILT-42AC34
BUCKLE,MEDIEVAL,1250,1400,WILT-422B83
BUCKLE,MEDIEVAL,1250,1400,WILT-0949F4
STRAP END,MEDIEVAL,1250,1400,WILT-1CAD3B
STRAP FITTING,MEDIEVAL,1250,1400,WILT-4E64F8
BUCKLE,MEDIEVAL,1250,1400,WILT-3AEA14
BUCKLE,MEDIEVAL,1250,1400,WILT-050F21
BUCKLE,MEDIEVAL,1250,1400,WILT-090FD7
BUCKLE,MEDIEVAL,1250,1400,WILT-08F902
BUCKLE,MEDIEVAL,1250,1400,WILT-057406
BROOCH,MEDIEVAL,1250,1400,WILT-06FF33
BUCKLE,MEDIEVAL,1250,1400,WILT-0662F6
CLASP,MEDIEVAL,1250,1450,WILT-C87AA6
CLASP,MEDIEVAL,1250,1450,WILT-C85485
CLASP,MEDIEVAL,1250,1450,WILT-C7F3C7
CLASP,MEDIEVAL,1250,1450,WILT-DC2D73
CLASP,MEDIEVAL,1250,1450,WILT-8D2FE3
MOUNT,MEDIEVAL,1250,1450,WILT-3A76A7
BUCKLE,MEDIEVAL,1250,1450,WILT-3C7973
KEY (LOCKING),MEDIEVAL,1250,1450,WILT-B4C222
STRAP END,MEDIEVAL,1250,1450,WILT-852313
BUCKLE,MEDIEVAL,1250,1450,WILT-26E503
MOUNT,MEDIEVAL,1250,1450,WILT-BC5E57
MOUNT,MEDIEVAL,1250,1450,WILT-BC2E52
PURSE,MEDIEVAL,1250,1450,WILT-BBCC94
STRAP END,MEDIEVAL,1250,1450,WILT-376622
BUCKLE,MEDIEVAL,1250,1500,WILT-84EC90
BUCKLE,MEDIEVAL,1250,1500,PUBLIC-FD307F
COIN,MEDIEVAL,1251,1272,WILT-B60AC1
STRAP FITTING,MEDIEVAL,1270,1350,WILT-6D3CD0
STRAP FITTING,MEDIEVAL,1270,1350,WILT-6D2E91
STRAP FITTING,MEDIEVAL,1270,1350,WILT-6D0FF7
MOUNT,MEDIEVAL,1270,1350,WILT-BCD504
BROOCH,MEDIEVAL,1270,1400,WILT-6570FE
COIN,MEDIEVAL,1272,1307,WILT-683496
COIN,MEDIEVAL,1272,1307,WILT-B65687
COIN,MEDIEVAL,1272,1307,WILT-B62806
COIN,MEDIEVAL,1272,1327,WILT-B6C272
BUCKLE,MEDIEVAL,1275,1550,PUBLIC-22E7D9
BUCKLE,MEDIEVAL,1275,1550,PUBLIC-235796
COIN,MEDIEVAL,1279,1282,WILT-8F78F6
COIN,MEDIEVAL,1279,1291,WILT-A181A6
COIN,MEDIEVAL,1279,1300,WILT-B7C453
COIN,MEDIEVAL,1280,1280,WILT-B67AE8
COIN,MEDIEVAL,1280,1280,WILT-BBE371
COIN,MEDIEVAL,1280,1281,WILT-B76A43
COIN,MEDIEVAL,1282,1291,WILT-0E14E3
COIN,MEDIEVAL,1291,1343,WILT-A1AD72
COIN,MEDIEVAL,1293,1294,WILT-CF4EA6
COIN,MEDIEVAL,1299,1300,WILT-8D9DD4
STRAP END,MEDIEVAL,1300,1250,WILT-1A4B16
COIN,MEDIEVAL,1300,1301,WILT-B79CE5
COIN,MEDIEVAL,1300,1305,WILT-8FA365
COIN,MEDIEVAL,1300,1310,WILT-B94A42
COIN,MEDIEVAL,1300,1310,WILT-2379BB
COIN,MEDIEVAL,1300,1310,WILT-9288F0
COIN,MEDIEVAL,1300,1310,WILT-CC83C3
COIN,MEDIEVAL,1300,1335,WILT-CCBB94
COIN,MEDIEVAL,1300,1343,WILT-B7B499
STRAP FITTING,MEDIEVAL,1300,1400,WILT-DD3562
MOUNT,MEDIEVAL,1300,1400,WILT-C50504
HARNESS PENDANT,MEDIEVAL,1300,1400,WILT-CE406B
MOUNT,MEDIEVAL,1300,1400,WILT-38BC89
CANDLE HOLDER,MEDIEVAL,1300,1400,WILT-21F000
MOUNT,MEDIEVAL,1300,1400,WILT-4C9BC8
BROOCH,MEDIEVAL,1300,1400,WILT-3D821C
STRAP FITTING,MEDIEVAL,1300,1400,WILT-4D5856
BUCKLE,MEDIEVAL,1300,1400,WILT-0529C4
LANTERN,MEDIEVAL,1300,1425,WILT-231A15
STRAP END,MEDIEVAL,1300,1450,WILT-900537
BUCKLE,MEDIEVAL,1300,1450,WILT-0BE636
MOUNT,MEDIEVAL,1300,1500,PUBLIC-BFFFE9
HARNESS PENDANT,MEDIEVAL,1300,1500,WILT-3C744B
BUCKLE,MEDIEVAL,1300,1500,WILT-0C21E2
CHAPE,MEDIEVAL,1300,1600,WILT-19D321
SCABBARD,MEDIEVAL,1300,1600,WILT-1D84ED
FINGER RING,MEDIEVAL,1300,1600,WILT-03F0F4
TOKEN,POST MEDIEVAL,1300,1700,WILT-CE995F
COIN,MEDIEVAL,1302,1310,WILT-B80462
COIN,MEDIEVAL,1302,1310,WILT-B83437
COIN,MEDIEVAL,1305,1306,WILT-A03A6A
COIN,MEDIEVAL,1305,1306,WILT-9E219C
COIN,MEDIEVAL,1305,1322,WILT-2830D7
COIN,MEDIEVAL,1307,1309,WILT-8FE6EB
COIN,MEDIEVAL,1307,1309,WILT-8FC45E
COIN,MEDIEVAL,1307,1309,WILT-9E8E1C
COIN,MEDIEVAL,1307,1309,SOM-7E8A86
JETTON,MEDIEVAL,1307,1327,WILT-286191
COIN,MEDIEVAL,1310,1314,WILT-901C81
COIN,MEDIEVAL,1310,1314,WILT-0DDED2
BUCKLE,MEDIEVAL,1330,1450,WILT-35E683
COIN,MEDIEVAL,1335,1483,WILT-0D7321
CLASP,MEDIEVAL,1350,1400,WILT-C6FA5D
BUCKLE,MEDIEVAL,1350,1400,SOM-ED23B5
STRAP END,MEDIEVAL,1350,1400,WILT-414721
STRAP FITTING,MEDIEVAL,1350,1400,SOM-F8C2C6
STRAP END,MEDIEVAL,1350,1400,PUBLIC-10218C
STRAP FITTING,MEDIEVAL,1350,1400,WILT-6DA8B6
STRAP FITTING,MEDIEVAL,1350,1400,WILT-6D4EB5
BUCKLE,MEDIEVAL,1350,1400,PUBLIC-164847
STRAP END,MEDIEVAL,1350,1400,WILT-BB6733
STRAP END,MEDIEVAL,1350,1450,WILT-32CEFB
BUCKLE,MEDIEVAL,1350,1450,WILT-31C55A
BUCKLE,MEDIEVAL,1350,1450,WILT-C9E865
STRAP END,MEDIEVAL,1350,1450,WILT-C5D7E1
BUCKLE,MEDIEVAL,1350,1450,WILT-35B771
BUCKLE,MEDIEVAL,1350,1450,WILT-6D3BA4
BUCKLE,MEDIEVAL,1350,1450,WILT-1CF421
BUCKLE,MEDIEVAL,1350,1450,WILT-0BFDE2
BUCKLE,MEDIEVAL,1350,1450,PUBLIC-D6CCC9
BUCKLE,MEDIEVAL,1350,1650,SOM-57C790
THIMBLE,POST MEDIEVAL,1350,1700,SOM-EDD52A
COIN,MEDIEVAL,1351,1352,WILT-B8C382
COIN,MEDIEVAL,1351,1509,WILT-73B674
COIN,MEDIEVAL,1353,1361,WILT-A0D1DA
COIN,MEDIEVAL,1356,1356,WILT-B890D1
COIN,MEDIEVAL,1363,1369,WILT-72B946
COIN,MEDIEVAL,1369,1377,WILT-B61F8A
BUCKLE,MEDIEVAL,1375,1425,PUBLIC-15B802
COIN,MEDIEVAL,1399,1483,WILT-1BDCBF
COIN,MEDIEVAL,1399,1509,WILT-1AFB53
COIN,MEDIEVAL,1399,1509,WILT-74E386
BUCKLE,MEDIEVAL,1400,1450,WILT-26AF68
TOKEN,MEDIEVAL,1400,1500,SOM-2E82E3
BUCKLE,MEDIEVAL,1400,1500,PUBLIC-F6349A
BUTTON,MEDIEVAL,1400,1500,PUBLIC-F3F9BA
CLASP,MEDIEVAL,1400,1500,PUBLIC-E9639E
MOUNT,MEDIEVAL,1400,1500,WILT-3897E0
MOUNT,MEDIEVAL,1400,1500,WILT-791383
FINGER RING,MEDIEVAL,1400,1500,WILT-0C6065
SCABBARD,MEDIEVAL,1400,1525,PUBLIC-AB826F
STUD,POST MEDIEVAL,1400,1530,WILT-1E40BF
MOUNT,MEDIEVAL,1400,1550,CORN-F0CA99
PENDANT,MEDIEVAL,1400,1550,SOM-4A3FBC
STUD,MEDIEVAL,1400,1600,WILT-BB2F77
COCKSPUR,POST MEDIEVAL,1400,1800,SOM-ED97E1
UNIDENTIFIED OBJECT,MEDIEVAL,1401,1401,WILT-C9C031
MOUNT,MEDIEVAL,1401,1500,WILT-76B141
BUCKLE,MEDIEVAL,1401,1500,WILT-DB6642
DAGGER,MEDIEVAL,1401,1700,WILT-765613
BUCKLE,MEDIEVAL,1401,1700,WILT-DBBA02
BUCKLE,MEDIEVAL,1401,1700,WILT-DB9007
MOUNT,MEDIEVAL,1401,1700,WILT-DA8727
COIN,MEDIEVAL,1413,1422,WILT-281BD5
COIN WEIGHT,MEDIEVAL,1421,1464,WILT-C9D844
COIN,MEDIEVAL,1422,1427,WILT-B70150
COIN,MEDIEVAL,1422,1427,WILT-B9F4B3
COIN,MEDIEVAL,1422,1427,WILT-B8E8A1
COIN,MEDIEVAL,1422,1427,WILT-735319
PURSE,MEDIEVAL,1450,1500,WILT-22DED4
THIMBLE,MEDIEVAL,1450,1500,PUBLIC-6FB0EC
CROSS,MEDIEVAL,1450,1530,WILT-3E4001
MOUNT,MEDIEVAL,1450,1550,PUBLIC-98CFE7
BUCKLE,POST MEDIEVAL,1450,1650,WILT-0A74A1
THIMBLE,MEDIEVAL,1450,1650,PUBLIC-94A0D0
COIN,MEDIEVAL,1464,1483,WILT-B81BAD
COIN,MEDIEVAL,1471,1483,WILT-9DE286
COIN,MEDIEVAL,1472,1475,WILT-1B78B0
COIN,MEDIEVAL,1485,1509,WILT-91DC4C
COIN,MEDIEVAL,1485,1509,WILT-746A53
POINT,MEDIEVAL,1500,1500,WILT-7C5D48
JETTON,POST MEDIEVAL,1500,1550,SOM-7031A0
DAGGER,MEDIEVAL,1500,1550,WILT-1A0273
MOUNT,POST MEDIEVAL,1500,1600,WILT-4DD555
DRESS PIN,POST MEDIEVAL,1500,1600,DOR-AC2945
BUCKLE,POST MEDIEVAL,1500,1600,WILT-0B8851
HOOKED TAG,POST MEDIEVAL,1500,1600,WILT-4E1148
DRESS HOOK,POST MEDIEVAL,1500,1625,SOM-570111
BUCKLE,POST MEDIEVAL,1500,1650,WILT-09A655
STRAP FITTING,POST MEDIEVAL,1500,1700,WILT-3C8C22
MOUNT,POST MEDIEVAL,1500,1700,WILT-3846F4
STRAP FITTING,POST MEDIEVAL,1500,1700,WILT-B10D19
MOUNT,POST MEDIEVAL,1500,1700,WILT-B917D8
MOUNT,POST MEDIEVAL,1500,1800,WILT-380517
CLOTH SEAL,POST MEDIEVAL,1500,1900,WILT-CCA764
RING,POST MEDIEVAL,1500,1900,WILT-6A7DB0
CUFF LINK,POST MEDIEVAL,1500,1900,WILT-90DC82
MOUNT,POST MEDIEVAL,1500,1900,WILT-A1B2D1
MOUNT,POST MEDIEVAL,1500,1900,WILT-A1A652
MOUNT,POST MEDIEVAL,1500,1900,WILT-A197A8
PIN,POST MEDIEVAL,1500,1900,WILT-A16FE1
RING,POST MEDIEVAL,1500,1900,WILT-B8AF81
HOOKED TAG,POST MEDIEVAL,1500,1900,WILT-46AAEE
COIN,POST MEDIEVAL,1501,1521,WILT-BC0315
BUCKLE,POST MEDIEVAL,1501,1600,WILT-013482
STRAP FITTING,POST MEDIEVAL,1501,1700,WILT-C9A586
DAGGER,POST MEDIEVAL,1501,1700,WILT-7A5B12
KNIFE,POST MEDIEVAL,1501,1700,WILT-78A495
MOUNT,POST MEDIEVAL,1501,1700,WILT-7894D2
MOUNT,POST MEDIEVAL,1501,1700,WILT-787501
MOUNT,POST MEDIEVAL,1501,1700,WILT-782B72
STRAP FITTING,POST MEDIEVAL,1501,1700,WILT-66C687
BUCKLE,POST MEDIEVAL,1501,1700,WILT-668273
BUCKLE,POST MEDIEVAL,1501,1700,WILT-2D94F6
COIN,POST MEDIEVAL,1509,1547,SOM-82F578
KNIFE,POST MEDIEVAL,1530,1570,WILT-A128F2
BUCKLE,POST MEDIEVAL,1540,1650,SOM-5766E3
COIN,POST MEDIEVAL,1544,1547,SOM-EABD46
COIN,POST MEDIEVAL,1544,1547,WILT-A492D6
COIN,POST MEDIEVAL,1544,1548,WILT-0D2E98
COIN,POST MEDIEVAL,1549,1550,WILT-CFF4B4
COIN,POST MEDIEVAL,1549,1550,WILT-108A67
TOKEN,POST MEDIEVAL,1550,1600,SOM-2E9C94
BOOK FITTING,POST MEDIEVAL,1550,1600,WILT-1B7866
COIN,POST MEDIEVAL,1560,1561,WILT-A0D4EF
COIN,POST MEDIEVAL,1568,1568,WILT-A1CBCB
BUCKLE,POST MEDIEVAL,1575,1700,WILT-0BA5A4
COIN,MEDIEVAL,1578,1578,WILT-BA1CE8
COIN,POST MEDIEVAL,1582,1583,WILT-A270DF
COIN,POST MEDIEVAL,1582,1603,WILT-A21AFD
COIN,POST MEDIEVAL,1591,1594,WILT-0C8C94
STRAP FITTING,POST MEDIEVAL,1600,1700,WILT-1DF1CA
BUTTON,POST MEDIEVAL,1600,1700,WILT-4BA986
TOKEN,POST MEDIEVAL,1600,1700,WILT-BC2E86
TOKEN,POST MEDIEVAL,1600,1700,WILT-349F10
BUCKLE,POST MEDIEVAL,1600,1700,PUBLIC-A994E0
STRAP FITTING,POST MEDIEVAL,1600,1700,WILT-1B53A8
STRAP FITTING,POST MEDIEVAL,1600,1700,WILT-1B3670
BUTTON,POST MEDIEVAL,1600,1700,PUBLIC-FF81DA
MOUNT,POST MEDIEVAL,1600,1750,SOM-3D5BF6
BELL,POST MEDIEVAL,1600,1800,SOM-EFA0B5
BUTTON,POST MEDIEVAL,1601,1700,WILT-795272
BUTTON,POST MEDIEVAL,1601,1700,WILT-67CF06
BUTTON,POST MEDIEVAL,1601,1700,WILT-67BEE1
BUTTON,POST MEDIEVAL,1601,1800,WILT-676E03
COIN,POST MEDIEVAL,1603,1604,WILT-A2A2C6
POINT,POST MEDIEVAL,1603,1625,WILT-7CA426
COIN,POST MEDIEVAL,1613,1614,WILT-A17BBE
COIN,POST MEDIEVAL,1625,1649,WILT-A3D859
COIN,POST MEDIEVAL,1625,1649,SOM-2E5AF2
COIN,POST MEDIEVAL,1631,1632,WILT-A34034
COIN,POST MEDIEVAL,1634,1635,WILT-BB9B45
COIN,POST MEDIEVAL,1636,1649,WILT-A4F221
COIN,POST MEDIEVAL,1638,1639,WILT-9FA4FA
COIN,POST MEDIEVAL,1641,1643,WILT-9F451F
COIN,POST MEDIEVAL,1649,1660,WILT-10F431
COIN,POST MEDIEVAL,1649,1660,WILT-BBB685
BUTTON,POST MEDIEVAL,1649,1660,PUBLIC-DE745D
BUCKLE,POST MEDIEVAL,1650,1720,WILT-0BCB02
COIN,POST MEDIEVAL,1651,1651,WILT-34C594
TOKEN,POST MEDIEVAL,1654,1654,WILT-1DC7F1
TOKEN,POST MEDIEVAL,1656,1656,SOM-08F4F6
TOKEN,POST MEDIEVAL,1658,1658,WILT-20932B
TOKEN,POST MEDIEVAL,1658,1658,WILT-1D8806
JETTON,POST MEDIEVAL,1660,1685,WILT-1CAFF1
TOKEN,POST MEDIEVAL,1661,1661,WILT-210E2C
TOKEN,POST MEDIEVAL,1662,1662,WILT-B9E664
TOKEN,POST MEDIEVAL,1662,1662,WILT-1DEDFA
TOKEN,POST MEDIEVAL,1667,1667,WILT-1FECE2
TOKEN,POST MEDIEVAL,1671,1671,SOM-08CAFD
WEIGHT,POST MEDIEVAL,1689,1694,PUBLIC-3FF9B3
FINGER RING,POST MEDIEVAL,1700,1900,WILT-B08B63
BUTTON,POST MEDIEVAL,1790,1810,DEV-B534B5
BUTTON,POST MEDIEVAL,1800,1810,DEV-B5C389
COIN,MEDIEVAL,12222,1236,WILT-9105D6